STATION,STATION_NAME,DATE,PRCP,SNWD,SNOW,TMAX,TMIN,AWND,WDF2,WDF5,WSF2,WSF5,WT14,WT01,WT02,WT22,WT04,WT13,WT16,WT08,WT18,WT03
GHCND:USW00024233,SEATTLE TACOMA INTERNATIONAL AIRPORT WA US,20121001,0,0,0,233,89,30,40,30,112,130,-9999,-9999,-9999,-9999,-9999,-9999,-9999,-9999,-9999,-9999
GHCND:USW00024233,SEATTLE TACOMA INTERNATIONAL AIRPORT WA US,20121002,0,0,0,178,100,41,10,20,80,94,-9999,-9999,-9999,-9999,-9999,-9999,-9999,-9999,-9999,-9999
GHCND:USW00024233,SEATTLE TACOMA INTERNATIONAL AIRPORT WA US,20121003,0,0,0,189,78,73,10,20,103,125,-9999,-9999,-9999,-9999,-9999,-9999,-9999,-9999,-9999,-9999
GHCND:USW00024233,SEATTLE TACOMA INTERNATIONAL AIRPORT WA US,20121004,0,0,0,189,83,65,20,20,94,112,-9999,-9999,-9999,-9999,-9999,-9999,-9999,-9999,-9999,-9999
GHCND:USW00024233,SEATTLE TACOMA INTERNATIONAL AIRPORT WA US,20121005,0,0,0,217,89,57,360,360,80,98,-9999,-9999,-9999,-9999,-9999,-9999,-9999,-9999,-9999,-9999
GHCND:USW00024233,SEATTLE TACOMA INTERNATIONAL AIRPORT WA US,20121006,0,0,0,239,78,51,20,20,76,94,-9999,-9999,-9999,-9999,-9999,-9999,-9999,-9999,-9999,-9999
GHCND:USW00024233,SEATTLE TACOMA INTERNATIONAL AIRPORT WA US,20121007,0,0,0,239,78,13,30,10,54,63,-9999,-9999,-9999,-9999,-9999,-9999,-9999,-9999,-9999,-9999
GHCND:USW00024233,SEATTLE TACOMA INTERNATIONAL AIRPORT WA US,20121008,0,0,0,211,78,19,210,230,40,54,-9999,-9999,-9999,-9999,-9999,-9999,-9999,-9999,-9999,-9999
GHCND:USW00024233,SEATTLE TACOMA INTERNATIONAL AIRPORT WA US,20121009,0,0,0,161,89,16,170,170,40,45,-9999,-9999,-9999,-9999,-9999,1,-9999,-9999,-9999,-9999
GHCND:USW00024233,SEATTLE TACOMA INTERNATIONAL AIRPORT WA US,20121010,0,0,0,122,83,14,40,40,40,45,-9999,-9999,1,-9999,-9999,1,-9999,1,-9999,-9999
GHCND:USW00024233,SEATTLE TACOMA INTERNATIONAL AIRPORT WA US,20121011,0,0,0,139,72,13,270,60,40,58,-9999,1,-9999,-9999,-9999,1,-9999,1,-9999,-9999
GHCND:USW00024233,SEATTLE TACOMA INTERNATIONAL AIRPORT WA US,20121012,20,0,0,139,89,46,220,230,72,98,-9999,1,-9999,-9999,-9999,1,1,-9999,-9999,-9999
GHCND:USW00024233,SEATTLE TACOMA INTERNATIONAL AIRPORT WA US,20121013,48,0,0,156,122,39,190,190,67,94,-9999,1,-9999,-9999,-9999,1,1,-9999,-9999,-9999
GHCND:USW00024233,SEATTLE TACOMA INTERNATIONAL AIRPORT WA US,20121014,165,0,0,178,133,34,160,200,76,103,-9999,1,-9999,-9999,-9999,1,1,-9999,-9999,-9999
GHCND:USW00024233,SEATTLE TACOMA INTERNATIONAL AIRPORT WA US,20121015,79,0,0,172,111,46,210,210,112,143,-9999,1,-9999,-9999,-9999,1,1,-9999,-9999,-9999
GHCND:USW00024233,SEATTLE TACOMA INTERNATIONAL AIRPORT WA US,20121016,0,0,0,161,83,55,200,200,130,170,-9999,-9999,-9999,-9999,-9999,-9999,-9999,-9999,-9999,-9999
GHCND:USW00024233,SEATTLE TACOMA INTERNATIONAL AIRPORT WA US,20121017,0,0,0,144,61,16,280,290,40,54,-9999,-9999,-9999,-9999,-9999,-9999,-9999,-9999,-9999,-9999
GHCND:USW00024233,SEATTLE TACOMA INTERNATIONAL AIRPORT WA US,20121018,208,0,0,178,67,20,240,240,63,89,-9999,1,-9999,-9999,-9999,1,1,-9999,-9999,-9999
GHCND:USW00024233,SEATTLE TACOMA INTERNATIONAL AIRPORT WA US,20121019,48,0,0,150,94,53,170,170,98,130,1,1,-9999,-9999,-9999,1,1,-9999,-9999,-9999
GHCND:USW00024233,SEATTLE TACOMA INTERNATIONAL AIRPORT WA US,20121020,5,0,0,111,61,57,290,290,125,156,-9999,-9999,-9999,-9999,-9999,-9999,1,-9999,-9999,-9999
GHCND:USW00024233,SEATTLE TACOMA INTERNATIONAL AIRPORT WA US,20121021,64,0,0,117,44,27,160,160,103,116,-9999,1,-9999,-9999,-9999,1,1,-9999,-9999,-9999
GHCND:USW00024233,SEATTLE TACOMA INTERNATIONAL AIRPORT WA US,20121022,89,0,0,78,33,26,20,20,63,72,-9999,1,-9999,-9999,-9999,1,1,-9999,-9999,-9999
GHCND:USW00024233,SEATTLE TACOMA INTERNATIONAL AIRPORT WA US,20121023,0,0,0,111,56,30,210,210,72,94,-9999,-9999,-9999,-9999,-9999,-9999,1,-9999,-9999,-9999
GHCND:USW00024233,SEATTLE TACOMA INTERNATIONAL AIRPORT WA US,20121024,71,0,0,117,61,21,260,260,54,67,-9999,1,-9999,-9999,-9999,1,1,-9999,-9999,-9999
GHCND:USW00024233,SEATTLE TACOMA INTERNATIONAL AIRPORT WA US,20121025,0,0,0,117,67,15,110,110,45,58,-9999,-9999,-9999,-9999,-9999,-9999,-9999,-9999,-9999,-9999
GHCND:USW00024233,SEATTLE TACOMA INTERNATIONAL AIRPORT WA US,20121026,15,0,0,111,72,25,210,200,76,103,-9999,1,-9999,-9999,-9999,1,1,-9999,-9999,-9999
GHCND:USW00024233,SEATTLE TACOMA INTERNATIONAL AIRPORT WA US,20121027,231,0,0,144,94,51,190,210,89,116,-9999,-9999,-9999,-9999,-9999,1,1,-9999,-9999,-9999
GHCND:USW00024233,SEATTLE TACOMA INTERNATIONAL AIRPORT WA US,20121028,61,0,0,144,100,38,210,210,103,139,-9999,1,-9999,-9999,-9999,1,1,-9999,-9999,-9999
GHCND:USW00024233,SEATTLE TACOMA INTERNATIONAL AIRPORT WA US,20121029,109,0,0,156,100,49,200,210,116,170,-9999,1,-9999,-9999,-9999,1,1,-9999,-9999,-9999
GHCND:USW00024233,SEATTLE TACOMA INTERNATIONAL AIRPORT WA US,20121030,345,0,0,150,122,28,160,140,63,80,-9999,1,-9999,-9999,-9999,1,1,-9999,-9999,-9999
GHCND:USW00024233,SEATTLE TACOMA INTERNATIONAL AIRPORT WA US,20121031,145,0,0,156,111,27,170,170,63,76,-9999,1,-9999,-9999,-9999,1,1,-9999,-9999,-9999
GHCND:USW00024233,SEATTLE TACOMA INTERNATIONAL AIRPORT WA US,20121101,97,0,0,150,106,30,160,150,80,103,-9999,1,-9999,-9999,-9999,1,1,-9999,-9999,-9999
GHCND:USW00024233,SEATTLE TACOMA INTERNATIONAL AIRPORT WA US,20121102,56,0,0,150,106,10,120,250,36,40,-9999,1,-9999,-9999,-9999,1,1,-9999,-9999,-9999
GHCND:USW00024233,SEATTLE TACOMA INTERNATIONAL AIRPORT WA US,20121103,5,0,0,156,111,36,200,190,76,98,-9999,1,-9999,-9999,-9999,1,1,-9999,-9999,-9999
GHCND:USW00024233,SEATTLE TACOMA INTERNATIONAL AIRPORT WA US,20121104,81,0,0,178,128,38,200,210,76,98,1,1,-9999,-9999,-9999,1,1,-9999,-9999,-9999
GHCND:USW00024233,SEATTLE TACOMA INTERNATIONAL AIRPORT WA US,20121105,8,0,0,150,78,40,40,40,80,103,-9999,1,-9999,-9999,-9999,1,1,-9999,-9999,-9999
GHCND:USW00024233,SEATTLE TACOMA INTERNATIONAL AIRPORT WA US,20121106,3,0,0,128,67,35,190,230,98,130,-9999,1,1,-9999,-9999,-9999,1,1,-9999,-9999
GHCND:USW00024233,SEATTLE TACOMA INTERNATIONAL AIRPORT WA US,20121107,0,0,0,122,39,34,200,200,80,103,-9999,-9999,-9999,-9999,-9999,-9999,1,-9999,-9999,-9999
GHCND:USW00024233,SEATTLE TACOMA INTERNATIONAL AIRPORT WA US,20121108,0,0,0,100,11,34,360,20,89,107,-9999,-9999,-9999,-9999,-9999,1,1,-9999,-9999,-9999
GHCND:USW00024233,SEATTLE TACOMA INTERNATIONAL AIRPORT WA US,20121109,0,0,0,89,11,20,10,10,63,72,-9999,1,-9999,-9999,-9999,-9999,1,-9999,-9999,-9999
GHCND:USW00024233,SEATTLE TACOMA INTERNATIONAL AIRPORT WA US,20121110,0,0,0,78,-6,22,360,10,54,67,-9999,-9999,-9999,-9999,-9999,-9999,-9999,-9999,-9999,-9999
GHCND:USW00024233,SEATTLE TACOMA INTERNATIONAL AIRPORT WA US,20121111,152,0,0,89,11,30,110,130,63,76,-9999,1,-9999,-9999,-9999,1,1,-9999,-9999,-9999
GHCND:USW00024233,SEATTLE TACOMA INTERNATIONAL AIRPORT WA US,20121112,36,0,0,128,61,30,230,230,63,80,-9999,1,-9999,-9999,-9999,1,1,-9999,-9999,-9999
GHCND:USW00024233,SEATTLE TACOMA INTERNATIONAL AIRPORT WA US,20121113,53,0,0,111,78,25,160,160,58,67,-9999,1,-9999,-9999,-9999,1,1,-9999,-9999,-9999
GHCND:USW00024233,SEATTLE TACOMA INTERNATIONAL AIRPORT WA US,20121114,8,0,0,111,50,26,220,220,58,72,-9999,1,-9999,-9999,-9999,1,1,-9999,-9999,-9999
GHCND:USW00024233,SEATTLE TACOMA INTERNATIONAL AIRPORT WA US,20121115,0,0,0,94,28,24,10,10,58,67,-9999,1,1,-9999,-9999,1,-9999,-9999,-9999,-9999
GHCND:USW00024233,SEATTLE TACOMA INTERNATIONAL AIRPORT WA US,20121116,56,0,0,94,22,16,110,120,63,76,-9999,-9999,1,-9999,-9999,-9999,1,-9999,-9999,-9999
GHCND:USW00024233,SEATTLE TACOMA INTERNATIONAL AIRPORT WA US,20121117,61,0,0,122,61,53,190,190,107,134,-9999,1,-9999,-9999,-9999,1,1,-9999,-9999,-9999
GHCND:USW00024233,SEATTLE TACOMA INTERNATIONAL AIRPORT WA US,20121118,79,0,0,100,61,49,170,160,112,156,-9999,-9999,-9999,-9999,-9999,-9999,1,-9999,-9999,-9999
GHCND:USW00024233,SEATTLE TACOMA INTERNATIONAL AIRPORT WA US,20121119,541,0,0,133,83,60,160,150,125,170,-9999,1,-9999,-9999,-9999,1,1,-9999,-9999,-9999
GHCND:USW00024233,SEATTLE TACOMA INTERNATIONAL AIRPORT WA US,20121120,38,0,0,111,72,42,230,230,139,174,-9999,1,-9999,-9999,-9999,-9999,1,-9999,-9999,-9999
GHCND:USW00024233,SEATTLE TACOMA INTERNATIONAL AIRPORT WA US,20121121,112,0,0,83,39,55,190,200,148,206,-9999,1,-9999,-9999,-9999,1,1,-9999,-9999,-9999
GHCND:USW00024233,SEATTLE TACOMA INTERNATIONAL AIRPORT WA US,20121122,0,0,0,89,28,15,120,120,45,58,-9999,-9999,-9999,-9999,-9999,-9999,1,-9999,-9999,-9999
GHCND:USW00024233,SEATTLE TACOMA INTERNATIONAL AIRPORT WA US,20121123,320,0,0,94,61,24,210,220,67,94,-9999,1,-9999,-9999,-9999,1,1,-9999,-9999,-9999
GHCND:USW00024233,SEATTLE TACOMA INTERNATIONAL AIRPORT WA US,20121124,0,0,0,89,39,12,230,240,54,63,-9999,-9999,-9999,-9999,-9999,-9999,1,-9999,-9999,-9999
GHCND:USW00024233,SEATTLE TACOMA INTERNATIONAL AIRPORT WA US,20121125,0,0,0,83,11,36,10,10,76,89,-9999,1,1,-9999,-9999,1,-9999,-9999,-9999,-9999
GHCND:USW00024233,SEATTLE TACOMA INTERNATIONAL AIRPORT WA US,20121126,0,0,0,94,17,38,20,30,72,89,-9999,1,-9999,-9999,-9999,-9999,-9999,-9999,-9999,-9999
GHCND:USW00024233,SEATTLE TACOMA INTERNATIONAL AIRPORT WA US,20121127,0,0,0,100,17,15,130,130,54,58,-9999,-9999,-9999,-9999,-9999,-9999,-9999,-9999,-9999,-9999
GHCND:USW00024233,SEATTLE TACOMA INTERNATIONAL AIRPORT WA US,20121128,28,0,0,94,22,29,110,100,67,76,-9999,1,-9999,-9999,-9999,-9999,1,-9999,-9999,-9999
GHCND:USW00024233,SEATTLE TACOMA INTERNATIONAL AIRPORT WA US,20121129,15,0,0,128,78,42,120,190,76,94,-9999,-9999,-9999,-9999,-9999,-9999,1,-9999,-9999,-9999
GHCND:USW00024233,SEATTLE TACOMA INTERNATIONAL AIRPORT WA US,20121130,356,0,0,150,78,46,180,190,103,134,-9999,1,-9999,-9999,-9999,1,1,-9999,-9999,-9999
GHCND:USW00024233,SEATTLE TACOMA INTERNATIONAL AIRPORT WA US,20121201,41,0,0,133,83,55,200,200,112,170,-9999,-9999,-9999,-9999,-9999,-9999,1,-9999,-9999,-9999
GHCND:USW00024233,SEATTLE TACOMA INTERNATIONAL AIRPORT WA US,20121202,196,0,0,83,72,62,170,190,116,161,-9999,1,-9999,-9999,-9999,1,1,-9999,-9999,-9999
GHCND:USW00024233,SEATTLE TACOMA INTERNATIONAL AIRPORT WA US,20121203,130,0,0,94,72,44,220,180,94,148,-9999,1,-9999,-9999,-9999,1,1,-9999,-9999,-9999
GHCND:USW00024233,SEATTLE TACOMA INTERNATIONAL AIRPORT WA US,20121204,142,0,0,117,72,62,210,210,112,148,-9999,1,-9999,-9999,-9999,1,1,-9999,-9999,-9999
GHCND:USW00024233,SEATTLE TACOMA INTERNATIONAL AIRPORT WA US,20121205,15,0,0,89,44,50,210,200,98,130,-9999,-9999,-9999,-9999,-9999,-9999,1,-9999,-9999,-9999
GHCND:USW00024233,SEATTLE TACOMA INTERNATIONAL AIRPORT WA US,20121206,15,0,0,72,61,51,190,190,94,116,-9999,1,-9999,-9999,-9999,1,1,-9999,-9999,-9999
GHCND:USW00024233,SEATTLE TACOMA INTERNATIONAL AIRPORT WA US,20121207,10,0,0,78,33,46,200,210,103,139,-9999,-9999,-9999,-9999,-9999,-9999,1,-9999,-9999,-9999
GHCND:USW00024233,SEATTLE TACOMA INTERNATIONAL AIRPORT WA US,20121208,0,0,0,67,33,20,220,240,54,63,-9999,-9999,-9999,-9999,-9999,-9999,-9999,-9999,-9999,-9999
GHCND:USW00024233,SEATTLE TACOMA INTERNATIONAL AIRPORT WA US,20121209,15,0,0,67,28,21,30,140,40,58,-9999,1,-9999,-9999,-9999,1,1,-9999,-9999,-9999
GHCND:USW00024233,SEATTLE TACOMA INTERNATIONAL AIRPORT WA US,20121210,5,0,0,72,56,18,200,220,58,80,1,1,1,-9999,-9999,-9999,1,-9999,-9999,-9999
GHCND:USW00024233,SEATTLE TACOMA INTERNATIONAL AIRPORT WA US,20121211,30,0,0,78,56,45,170,210,89,112,1,1,-9999,-9999,-9999,1,1,-9999,-9999,-9999
GHCND:USW00024233,SEATTLE TACOMA INTERNATIONAL AIRPORT WA US,20121212,81,0,0,67,44,20,200,190,58,76,1,1,-9999,-9999,-9999,1,1,-9999,-9999,-9999
GHCND:USW00024233,SEATTLE TACOMA INTERNATIONAL AIRPORT WA US,20121213,23,0,0,72,33,28,150,150,58,63,-9999,1,-9999,-9999,-9999,-9999,1,-9999,-9999,-9999
GHCND:USW00024233,SEATTLE TACOMA INTERNATIONAL AIRPORT WA US,20121214,79,0,0,61,11,17,140,140,54,63,-9999,1,-9999,-9999,-9999,1,1,-9999,-9999,-9999
GHCND:USW00024233,SEATTLE TACOMA INTERNATIONAL AIRPORT WA US,20121215,53,0,0,44,6,51,160,190,98,130,-9999,1,-9999,-9999,-9999,1,1,-9999,1,-9999
GHCND:USW00024233,SEATTLE TACOMA INTERNATIONAL AIRPORT WA US,20121216,226,0,0,67,33,55,160,160,103,134,-9999,1,-9999,-9999,-9999,1,1,-9999,1,-9999
GHCND:USW00024233,SEATTLE TACOMA INTERNATIONAL AIRPORT WA US,20121217,20,0,0,83,17,95,220,220,170,264,-9999,-9999,-9999,-9999,-9999,-9999,1,-9999,-9999,-9999
GHCND:USW00024233,SEATTLE TACOMA INTERNATIONAL AIRPORT WA US,20121218,33,25,15,39,6,53,200,190,89,112,-9999,1,-9999,-9999,-9999,1,1,-9999,1,-9999
GHCND:USW00024233,SEATTLE TACOMA INTERNATIONAL AIRPORT WA US,20121219,137,0,0,83,17,58,180,170,125,170,-9999,-9999,-9999,-9999,-9999,-9999,1,-9999,1,-9999
GHCND:USW00024233,SEATTLE TACOMA INTERNATIONAL AIRPORT WA US,20121220,132,0,0,72,6,37,190,180,98,130,-9999,1,-9999,-9999,-9999,1,1,-9999,-9999,-9999
GHCND:USW00024233,SEATTLE TACOMA INTERNATIONAL AIRPORT WA US,20121221,18,0,0,83,-17,17,120,120,63,80,-9999,-9999,-9999,-9999,-9999,-9999,1,-9999,-9999,-9999
GHCND:USW00024233,SEATTLE TACOMA INTERNATIONAL AIRPORT WA US,20121222,33,0,0,83,39,35,200,180,112,156,-9999,1,-9999,-9999,-9999,1,1,-9999,-9999,-9999
GHCND:USW00024233,SEATTLE TACOMA INTERNATIONAL AIRPORT WA US,20121223,66,0,0,72,33,25,80,70,58,72,-9999,1,-9999,-9999,-9999,1,1,-9999,-9999,-9999
GHCND:USW00024233,SEATTLE TACOMA INTERNATIONAL AIRPORT WA US,20121224,3,0,0,56,28,28,200,200,63,80,-9999,1,-9999,-9999,-9999,-9999,1,-9999,-9999,-9999
GHCND:USW00024233,SEATTLE TACOMA INTERNATIONAL AIRPORT WA US,20121225,135,0,0,56,28,42,120,120,89,116,-9999,1,-9999,-9999,-9999,1,1,-9999,1,-9999
GHCND:USW00024233,SEATTLE TACOMA INTERNATIONAL AIRPORT WA US,20121226,46,0,0,67,33,49,180,180,94,130,-9999,1,-9999,-9999,-9999,-9999,1,-9999,-9999,-9999
GHCND:USW00024233,SEATTLE TACOMA INTERNATIONAL AIRPORT WA US,20121227,41,0,0,78,33,32,210,200,76,98,-9999,1,-9999,-9999,-9999,1,1,-9999,-9999,-9999
GHCND:USW00024233,SEATTLE TACOMA INTERNATIONAL AIRPORT WA US,20121228,0,0,0,83,39,17,110,120,40,54,-9999,-9999,-9999,-9999,-9999,-9999,1,-9999,-9999,-9999
GHCND:USW00024233,SEATTLE TACOMA INTERNATIONAL AIRPORT WA US,20121229,15,0,0,50,33,17,110,130,40,58,-9999,1,-9999,-9999,-9999,1,1,-9999,-9999,-9999
GHCND:USW00024233,SEATTLE TACOMA INTERNATIONAL AIRPORT WA US,20121230,0,0,0,44,0,18,80,80,40,54,-9999,1,1,-9999,-9999,1,-9999,-9999,-9999,-9999
GHCND:USW00024233,SEATTLE TACOMA INTERNATIONAL AIRPORT WA US,20121231,0,0,0,33,-11,20,20,30,67,80,-9999,-9999,-9999,-9999,-9999,1,-9999,-9999,-9999,-9999
GHCND:USW00024233,SEATTLE TACOMA INTERNATIONAL AIRPORT WA US,20130101,0,0,0,50,-28,27,10,10,63,76,-9999,-9999,-9999,-9999,-9999,-9999,-9999,-9999,-9999,-9999
GHCND:USW00024233,SEATTLE TACOMA INTERNATIONAL AIRPORT WA US,20130102,0,0,0,61,-11,32,120,120,76,98,-9999,-9999,-9999,-9999,-9999,-9999,-9999,-9999,-9999,-9999
GHCND:USW00024233,SEATTLE TACOMA INTERNATIONAL AIRPORT WA US,20130103,41,0,0,67,-17,30,120,120,72,89,-9999,1,-9999,-9999,-9999,1,1,-9999,-9999,-9999
GHCND:USW00024233,SEATTLE TACOMA INTERNATIONAL AIRPORT WA US,20130104,25,0,0,100,22,28,210,210,63,80,-9999,1,-9999,-9999,-9999,1,1,-9999,-9999,-9999
GHCND:USW00024233,SEATTLE TACOMA INTERNATIONAL AIRPORT WA US,20130105,30,0,0,67,44,31,110,120,94,112,-9999,1,-9999,-9999,-9999,1,1,-9999,-9999,-9999
GHCND:USW00024233,SEATTLE TACOMA INTERNATIONAL AIRPORT WA US,20130106,20,0,0,72,28,30,200,200,72,94,-9999,1,-9999,-9999,-9999,1,1,-9999,-9999,-9999
GHCND:USW00024233,SEATTLE TACOMA INTERNATIONAL AIRPORT WA US,20130107,23,0,0,100,44,73,210,220,134,179,-9999,-9999,-9999,-9999,-9999,1,1,1,-9999,-9999
GHCND:USW00024233,SEATTLE TACOMA INTERNATIONAL AIRPORT WA US,20130108,163,0,0,117,56,63,200,190,139,192,-9999,1,-9999,-9999,-9999,1,1,-9999,-9999,-9999
GHCND:USW00024233,SEATTLE TACOMA INTERNATIONAL AIRPORT WA US,20130109,384,0,0,100,17,51,210,210,98,148,-9999,1,-9999,-9999,-9999,1,1,-9999,-9999,-9999
GHCND:USW00024233,SEATTLE TACOMA INTERNATIONAL AIRPORT WA US,20130110,3,0,0,33,-6,21,180,190,45,63,-9999,-9999,1,1,-9999,-9999,1,-9999,1,-9999
GHCND:USW00024233,SEATTLE TACOMA INTERNATIONAL AIRPORT WA US,20130111,0,0,0,28,-28,19,360,20,45,67,-9999,-9999,1,1,-9999,1,-9999,-9999,-9999,-9999
GHCND:USW00024233,SEATTLE TACOMA INTERNATIONAL AIRPORT WA US,20130112,0,0,0,28,-39,20,10,20,54,58,-9999,-9999,-9999,-9999,-9999,-9999,-9999,-9999,-9999,-9999
GHCND:USW00024233,SEATTLE TACOMA INTERNATIONAL AIRPORT WA US,20130113,0,0,0,22,-44,15,130,140,36,40,-9999,-9999,-9999,-9999,-9999,-9999,-9999,-9999,-9999,-9999
GHCND:USW00024233,SEATTLE TACOMA INTERNATIONAL AIRPORT WA US,20130114,0,0,0,33,-22,13,230,250,31,40,-9999,-9999,-9999,-9999,-9999,-9999,-9999,-9999,-9999,-9999
GHCND:USW00024233,SEATTLE TACOMA INTERNATIONAL AIRPORT WA US,20130115,0,0,0,67,-6,23,20,10,54,63,-9999,-9999,-9999,-9999,-9999,-9999,-9999,-9999,-9999,-9999
GHCND:USW00024233,SEATTLE TACOMA INTERNATIONAL AIRPORT WA US,20130116,0,0,0,61,-39,18,360,40,45,54,-9999,-9999,1,1,-9999,1,-9999,-9999,-9999,-9999
GHCND:USW00024233,SEATTLE TACOMA INTERNATIONAL AIRPORT WA US,20130117,0,0,0,39,-28,10,60,330,31,36,-9999,-9999,1,1,-9999,1,-9999,-9999,-9999,-9999
GHCND:USW00024233,SEATTLE TACOMA INTERNATIONAL AIRPORT WA US,20130118,0,0,0,33,-11,13,30,360,40,54,-9999,-9999,1,1,-9999,1,-9999,-9999,-9999,-9999
GHCND:USW00024233,SEATTLE TACOMA INTERNATIONAL AIRPORT WA US,20130119,0,0,0,11,-6,19,30,30,45,58,-9999,1,1,1,-9999,1,-9999,-9999,-9999,-9999
GHCND:USW00024233,SEATTLE TACOMA INTERNATIONAL AIRPORT WA US,20130120,0,0,0,33,-6,21,20,20,40,45,-9999,-9999,1,1,-9999,1,-9999,-9999,-9999,-9999
GHCND:USW00024233,SEATTLE TACOMA INTERNATIONAL AIRPORT WA US,20130121,0,0,0,22,-17,11,130,130,40,45,-9999,-9999,1,1,-9999,1,-9999,-9999,-9999,-9999
GHCND:USW00024233,SEATTLE TACOMA INTERNATIONAL AIRPORT WA US,20130122,0,0,0,33,-17,6,150,210,31,31,-9999,-9999,1,1,-9999,1,-9999,1,-9999,-9999
GHCND:USW00024233,SEATTLE TACOMA INTERNATIONAL AIRPORT WA US,20130123,51,0,0,72,22,31,200,200,80,103,-9999,1,-9999,-9999,-9999,1,1,-9999,-9999,-9999
GHCND:USW00024233,SEATTLE TACOMA INTERNATIONAL AIRPORT WA US,20130124,58,0,0,72,11,26,190,190,67,80,-9999,1,-9999,-9999,-9999,1,1,-9999,-9999,-9999
GHCND:USW00024233,SEATTLE TACOMA INTERNATIONAL AIRPORT WA US,20130125,30,0,0,106,28,21,220,220,45,58,-9999,1,-9999,-9999,-9999,1,1,-9999,-9999,-9999
GHCND:USW00024233,SEATTLE TACOMA INTERNATIONAL AIRPORT WA US,20130126,23,0,0,83,39,45,210,210,94,130,-9999,1,-9999,-9999,-9999,1,1,-9999,-9999,-9999
GHCND:USW00024233,SEATTLE TACOMA INTERNATIONAL AIRPORT WA US,20130127,18,0,0,56,39,45,200,190,80,103,-9999,1,-9999,-9999,-9999,1,1,-9999,-9999,-9999
GHCND:USW00024233,SEATTLE TACOMA INTERNATIONAL AIRPORT WA US,20130128,79,0,0,61,33,32,210,220,63,76,-9999,1,-9999,-9999,-9999,-9999,1,-9999,-9999,-9999
GHCND:USW00024233,SEATTLE TACOMA INTERNATIONAL AIRPORT WA US,20130129,43,0,0,83,50,39,220,210,94,125,1,1,-9999,-9999,-9999,1,1,-9999,-9999,-9999
GHCND:USW00024233,SEATTLE TACOMA INTERNATIONAL AIRPORT WA US,20130130,36,0,0,89,67,39,190,210,72,94,1,-9999,-9999,-9999,-9999,1,1,-9999,-9999,-9999
GHCND:USW00024233,SEATTLE TACOMA INTERNATIONAL AIRPORT WA US,20130131,30,0,0,94,72,40,200,200,76,107,1,-9999,-9999,-9999,-9999,1,1,-9999,-9999,-9999
GHCND:USW00024233,SEATTLE TACOMA INTERNATIONAL AIRPORT WA US,20130201,3,0,0,117,50,29,10,10,72,89,1,1,-9999,-9999,-9999,-9999,1,1,-9999,-9999
GHCND:USW00024233,SEATTLE TACOMA INTERNATIONAL AIRPORT WA US,20130202,0,0,0,61,28,20,10,10,67,72,-9999,1,1,-9999,-9999,1,-9999,-9999,-9999,-9999
GHCND:USW00024233,SEATTLE TACOMA INTERNATIONAL AIRPORT WA US,20130203,23,0,0,89,28,29,210,210,54,63,-9999,-9999,1,-9999,-9999,1,1,-9999,-9999,-9999
GHCND:USW00024233,SEATTLE TACOMA INTERNATIONAL AIRPORT WA US,20130204,0,0,0,106,67,26,130,130,58,67,-9999,-9999,-9999,-9999,-9999,-9999,1,1,-9999,-9999
GHCND:USW00024233,SEATTLE TACOMA INTERNATIONAL AIRPORT WA US,20130205,33,0,0,100,67,51,200,190,98,116,-9999,1,-9999,-9999,-9999,-9999,1,-9999,-9999,-9999
GHCND:USW00024233,SEATTLE TACOMA INTERNATIONAL AIRPORT WA US,20130206,10,0,0,106,61,45,190,180,80,112,-9999,-9999,-9999,-9999,-9999,-9999,1,-9999,-9999,-9999
GHCND:USW00024233,SEATTLE TACOMA INTERNATIONAL AIRPORT WA US,20130207,13,0,0,94,33,41,240,220,94,139,-9999,-9999,-9999,-9999,-9999,-9999,1,-9999,-9999,-9999
GHCND:USW00024233,SEATTLE TACOMA INTERNATIONAL AIRPORT WA US,20130208,0,0,0,78,22,13,30,30,58,72,-9999,-9999,-9999,-9999,-9999,-9999,-9999,-9999,-9999,-9999
GHCND:USW00024233,SEATTLE TACOMA INTERNATIONAL AIRPORT WA US,20130209,3,0,0,83,44,13,340,350,36,40,1,1,-9999,-9999,-9999,1,1,-9999,-9999,-9999
GHCND:USW00024233,SEATTLE TACOMA INTERNATIONAL AIRPORT WA US,20130210,0,0,0,89,17,20,330,330,45,63,-9999,1,1,-9999,-9999,1,-9999,1,-9999,-9999
GHCND:USW00024233,SEATTLE TACOMA INTERNATIONAL AIRPORT WA US,20130211,3,0,0,83,44,14,130,130,36,54,-9999,1,-9999,-9999,-9999,1,1,-9999,-9999,-9999
GHCND:USW00024233,SEATTLE TACOMA INTERNATIONAL AIRPORT WA US,20130212,10,0,0,111,72,56,200,220,112,156,1,1,-9999,-9999,-9999,1,1,-9999,-9999,-9999
GHCND:USW00024233,SEATTLE TACOMA INTERNATIONAL AIRPORT WA US,20130213,23,0,0,94,72,41,110,100,130,170,1,1,-9999,-9999,-9999,1,1,-9999,-9999,-9999
GHCND:USW00024233,SEATTLE TACOMA INTERNATIONAL AIRPORT WA US,20130214,10,0,0,94,56,22,150,150,76,179,-9999,-9999,-9999,-9999,-9999,-9999,1,-9999,-9999,-9999
GHCND:USW00024233,SEATTLE TACOMA INTERNATIONAL AIRPORT WA US,20130215,0,0,0,133,50,24,350,360,40,58,-9999,-9999,1,-9999,-9999,1,-9999,-9999,-9999,-9999
GHCND:USW00024233,SEATTLE TACOMA INTERNATIONAL AIRPORT WA US,20130216,0,0,0,111,39,56,210,200,107,148,-9999,1,-9999,-9999,-9999,1,1,-9999,-9999,-9999
GHCND:USW00024233,SEATTLE TACOMA INTERNATIONAL AIRPORT WA US,20130217,0,0,0,94,44,34,200,200,67,80,-9999,-9999,-9999,-9999,-9999,-9999,1,-9999,-9999,-9999
GHCND:USW00024233,SEATTLE TACOMA INTERNATIONAL AIRPORT WA US,20130218,0,0,0,78,39,19,210,210,45,67,-9999,-9999,-9999,-9999,-9999,-9999,1,-9999,-9999,-9999
GHCND:USW00024233,SEATTLE TACOMA INTERNATIONAL AIRPORT WA US,20130219,0,0,0,106,17,34,350,350,76,89,-9999,-9999,-9999,-9999,-9999,-9999,-9999,-9999,-9999,-9999
GHCND:USW00024233,SEATTLE TACOMA INTERNATIONAL AIRPORT WA US,20130220,15,0,0,78,11,21,200,200,63,76,-9999,-9999,-9999,-9999,-9999,-9999,1,-9999,-9999,-9999
GHCND:USW00024233,SEATTLE TACOMA INTERNATIONAL AIRPORT WA US,20130221,5,0,0,67,39,62,210,210,107,139,1,1,-9999,-9999,-9999,1,1,-9999,-9999,-9999
GHCND:USW00024233,SEATTLE TACOMA INTERNATIONAL AIRPORT WA US,20130222,94,0,0,78,39,81,220,210,134,179,1,1,-9999,-9999,-9999,1,1,-9999,-9999,-9999
GHCND:USW00024233,SEATTLE TACOMA INTERNATIONAL AIRPORT WA US,20130223,3,0,0,100,39,46,220,220,98,134,-9999,-9999,-9999,-9999,-9999,-9999,1,-9999,-9999,-9999
GHCND:USW00024233,SEATTLE TACOMA INTERNATIONAL AIRPORT WA US,20130224,0,0,0,89,50,55,180,180,116,156,1,-9999,-9999,-9999,-9999,-9999,1,-9999,-9999,-9999
GHCND:USW00024233,SEATTLE TACOMA INTERNATIONAL AIRPORT WA US,20130225,23,0,0,106,33,71,220,240,130,174,-9999,-9999,-9999,-9999,-9999,-9999,1,-9999,-9999,-9999
GHCND:USW00024233,SEATTLE TACOMA INTERNATIONAL AIRPORT WA US,20130226,5,0,0,89,39,38,190,200,67,89,-9999,-9999,-9999,-9999,-9999,-9999,1,-9999,-9999,-9999
GHCND:USW00024233,SEATTLE TACOMA INTERNATIONAL AIRPORT WA US,20130227,46,0,0,100,44,18,210,200,76,94,-9999,1,-9999,-9999,-9999,1,1,-9999,-9999,-9999
GHCND:USW00024233,SEATTLE TACOMA INTERNATIONAL AIRPORT WA US,20130228,81,0,0,117,67,38,200,140,67,89,-9999,1,-9999,-9999,-9999,1,1,-9999,-9999,-9999
GHCND:USW00024233,SEATTLE TACOMA INTERNATIONAL AIRPORT WA US,20130301,41,0,0,150,111,54,200,190,89,130,-9999,1,-9999,-9999,-9999,1,1,-9999,-9999,-9999
GHCND:USW00024233,SEATTLE TACOMA INTERNATIONAL AIRPORT WA US,20130302,8,0,0,139,50,45,200,210,80,107,-9999,-9999,-9999,-9999,-9999,-9999,1,-9999,-9999,-9999
GHCND:USW00024233,SEATTLE TACOMA INTERNATIONAL AIRPORT WA US,20130303,0,0,0,111,22,28,20,30,58,72,-9999,-9999,-9999,-9999,-9999,-9999,-9999,-9999,-9999,-9999
GHCND:USW00024233,SEATTLE TACOMA INTERNATIONAL AIRPORT WA US,20130304,0,0,0,133,0,39,80,120,72,89,-9999,-9999,-9999,-9999,-9999,-9999,-9999,-9999,-9999,-9999
GHCND:USW00024233,SEATTLE TACOMA INTERNATIONAL AIRPORT WA US,20130305,0,0,0,94,61,24,10,120,63,89,-9999,-9999,-9999,-9999,-9999,-9999,1,-9999,-9999,-9999
GHCND:USW00024233,SEATTLE TACOMA INTERNATIONAL AIRPORT WA US,20130306,119,0,0,72,50,41,20,20,80,98,-9999,1,-9999,-9999,-9999,1,1,-9999,-9999,-9999
GHCND:USW00024233,SEATTLE TACOMA INTERNATIONAL AIRPORT WA US,20130307,74,0,0,122,50,25,210,200,58,67,-9999,1,1,-9999,-9999,1,1,-9999,-9999,-9999
GHCND:USW00024233,SEATTLE TACOMA INTERNATIONAL AIRPORT WA US,20130308,0,0,0,117,22,26,350,350,67,80,-9999,1,1,-9999,-9999,1,-9999,-9999,-9999,-9999
GHCND:USW00024233,SEATTLE TACOMA INTERNATIONAL AIRPORT WA US,20130309,0,0,0,128,11,13,210,210,45,63,-9999,1,1,-9999,-9999,-9999,-9999,-9999,-9999,-9999
GHCND:USW00024233,SEATTLE TACOMA INTERNATIONAL AIRPORT WA US,20130310,8,0,0,78,39,16,140,130,36,45,-9999,-9999,-9999,-9999,-9999,-9999,1,-9999,-9999,-9999
GHCND:USW00024233,SEATTLE TACOMA INTERNATIONAL AIRPORT WA US,20130311,13,0,0,106,61,11,150,170,45,54,-9999,1,-9999,-9999,-9999,1,1,-9999,-9999,-9999
GHCND:USW00024233,SEATTLE TACOMA INTERNATIONAL AIRPORT WA US,20130312,20,0,0,128,100,57,190,180,94,125,1,-9999,-9999,-9999,-9999,1,1,-9999,-9999,-9999
GHCND:USW00024233,SEATTLE TACOMA INTERNATIONAL AIRPORT WA US,20130313,23,0,0,117,94,37,190,190,94,112,-9999,1,-9999,-9999,-9999,1,1,-9999,-9999,-9999
GHCND:USW00024233,SEATTLE TACOMA INTERNATIONAL AIRPORT WA US,20130314,28,0,0,117,94,30,220,220,63,76,1,1,-9999,-9999,-9999,1,1,-9999,-9999,-9999
GHCND:USW00024233,SEATTLE TACOMA INTERNATIONAL AIRPORT WA US,20130315,0,0,0,144,89,43,220,250,72,94,1,1,-9999,-9999,-9999,1,1,-9999,-9999,-9999
GHCND:USW00024233,SEATTLE TACOMA INTERNATIONAL AIRPORT WA US,20130316,43,0,0,106,44,64,220,220,125,165,-9999,1,-9999,-9999,-9999,1,1,-9999,-9999,-9999
GHCND:USW00024233,SEATTLE TACOMA INTERNATIONAL AIRPORT WA US,20130317,0,0,0,89,39,61,210,230,107,134,-9999,-9999,-9999,-9999,-9999,-9999,-9999,-9999,-9999,-9999
GHCND:USW00024233,SEATTLE TACOMA INTERNATIONAL AIRPORT WA US,20130318,0,0,0,117,39,59,200,190,107,148,-9999,-9999,-9999,-9999,-9999,-9999,1,-9999,-9999,-9999
GHCND:USW00024233,SEATTLE TACOMA INTERNATIONAL AIRPORT WA US,20130319,117,0,0,128,17,34,90,100,76,103,-9999,1,-9999,-9999,-9999,-9999,1,-9999,-9999,-9999
GHCND:USW00024233,SEATTLE TACOMA INTERNATIONAL AIRPORT WA US,20130320,99,0,0,111,44,76,210,200,139,197,-9999,1,-9999,-9999,-9999,1,1,-9999,-9999,-9999
GHCND:USW00024233,SEATTLE TACOMA INTERNATIONAL AIRPORT WA US,20130321,81,0,0,100,22,49,30,210,112,143,-9999,-9999,-9999,-9999,1,1,1,-9999,-9999,-9999
GHCND:USW00024233,SEATTLE TACOMA INTERNATIONAL AIRPORT WA US,20130322,0,0,0,94,6,22,170,30,54,63,-9999,-9999,-9999,-9999,-9999,-9999,-9999,-9999,-9999,-9999
GHCND:USW00024233,SEATTLE TACOMA INTERNATIONAL AIRPORT WA US,20130323,0,0,0,100,11,26,20,260,40,63,-9999,-9999,-9999,-9999,-9999,-9999,-9999,-9999,-9999,-9999
GHCND:USW00024233,SEATTLE TACOMA INTERNATIONAL AIRPORT WA US,20130324,0,0,0,122,6,21,50,270,40,54,-9999,-9999,-9999,-9999,-9999,-9999,-9999,-9999,-9999,-9999
GHCND:USW00024233,SEATTLE TACOMA INTERNATIONAL AIRPORT WA US,20130325,0,0,0,167,44,28,20,20,63,67,-9999,-9999,-9999,-9999,-9999,-9999,-9999,-9999,-9999,-9999
GHCND:USW00024233,SEATTLE TACOMA INTERNATIONAL AIRPORT WA US,20130326,0,0,0,167,61,17,10,10,45,58,-9999,-9999,-9999,-9999,-9999,-9999,-9999,-9999,-9999,-9999
GHCND:USW00024233,SEATTLE TACOMA INTERNATIONAL AIRPORT WA US,20130327,3,0,0,133,72,16,20,60,45,58,-9999,-9999,-9999,-9999,-9999,-9999,1,-9999,-9999,-9999
GHCND:USW00024233,SEATTLE TACOMA INTERNATIONAL AIRPORT WA US,20130328,20,0,0,161,83,13,200,210,45,58,1,1,-9999,-9999,-9999,1,1,-9999,-9999,-9999
GHCND:USW00024233,SEATTLE TACOMA INTERNATIONAL AIRPORT WA US,20130329,0,0,0,183,78,25,10,300,45,63,-9999,-9999,-9999,-9999,-9999,-9999,1,-9999,-9999,-9999
GHCND:USW00024233,SEATTLE TACOMA INTERNATIONAL AIRPORT WA US,20130330,0,0,0,200,56,44,20,30,80,103,-9999,1,-9999,-9999,-9999,1,-9999,-9999,-9999,-9999
GHCND:USW00024233,SEATTLE TACOMA INTERNATIONAL AIRPORT WA US,20130331,0,0,0,206,67,29,10,20,58,72,-9999,-9999,-9999,-9999,-9999,-9999,-9999,-9999,-9999,-9999
GHCND:USW00024233,SEATTLE TACOMA INTERNATIONAL AIRPORT WA US,20130401,0,0,0,172,83,36,210,210,76,94,-9999,-9999,-9999,-9999,-9999,-9999,-9999,-9999,-9999,-9999
GHCND:USW00024233,SEATTLE TACOMA INTERNATIONAL AIRPORT WA US,20130402,0,0,0,139,89,22,200,190,45,76,-9999,-9999,-9999,-9999,-9999,-9999,-9999,-9999,-9999,-9999
GHCND:USW00024233,SEATTLE TACOMA INTERNATIONAL AIRPORT WA US,20130403,0,0,0,167,78,16,350,210,40,89,-9999,-9999,-9999,-9999,-9999,-9999,-9999,-9999,-9999,-9999
GHCND:USW00024233,SEATTLE TACOMA INTERNATIONAL AIRPORT WA US,20130404,84,0,0,144,100,30,190,190,81,125,-9999,1,-9999,-9999,-9999,-9999,-9999,-9999,-9999,-9999
GHCND:USW00024233,SEATTLE TACOMA INTERNATIONAL AIRPORT WA US,20130405,185,0,0,139,100,56,110,310,130,183,-9999,1,-9999,-9999,-9999,-9999,-9999,-9999,-9999,-9999
GHCND:USW00024233,SEATTLE TACOMA INTERNATIONAL AIRPORT WA US,20130406,127,0,0,122,72,50,180,180,98,125,-9999,1,-9999,-9999,-9999,-9999,-9999,-9999,-9999,-9999
GHCND:USW00024233,SEATTLE TACOMA INTERNATIONAL AIRPORT WA US,20130407,391,0,0,83,50,39,10,80,89,161,-9999,1,-9999,-9999,-9999,-9999,-9999,-9999,-9999,-9999
GHCND:USW00024233,SEATTLE TACOMA INTERNATIONAL AIRPORT WA US,20130408,8,0,0,133,61,31,230,200,58,72,-9999,1,-9999,-9999,-9999,-9999,-9999,-9999,-9999,-9999
GHCND:USW00024233,SEATTLE TACOMA INTERNATIONAL AIRPORT WA US,20130409,0,0,0,122,61,24,220,200,40,54,-9999,-9999,-9999,-9999,-9999,-9999,-9999,-9999,-9999,-9999
GHCND:USW00024233,SEATTLE TACOMA INTERNATIONAL AIRPORT WA US,20130410,94,0,0,150,89,64,210,210,112,143,-9999,-9999,-9999,-9999,-9999,-9999,-9999,-9999,-9999,-9999
GHCND:USW00024233,SEATTLE TACOMA INTERNATIONAL AIRPORT WA US,20130411,15,0,0,122,67,38,20,190,67,89,-9999,1,-9999,-9999,-9999,-9999,-9999,-9999,-9999,-9999
GHCND:USW00024233,SEATTLE TACOMA INTERNATIONAL AIRPORT WA US,20130412,97,0,0,78,44,46,210,200,130,170,-9999,1,-9999,-9999,-9999,-9999,-9999,-9999,-9999,-9999
GHCND:USW00024233,SEATTLE TACOMA INTERNATIONAL AIRPORT WA US,20130413,94,0,-9999,106,33,57,200,200,112,157,-9999,1,-9999,-9999,-9999,-9999,-9999,-9999,-9999,-9999
GHCND:USW00024233,SEATTLE TACOMA INTERNATIONAL AIRPORT WA US,20130414,58,0,0,128,44,23,10,340,58,72,-9999,1,-9999,-9999,-9999,-9999,-9999,-9999,-9999,-9999
GHCND:USW00024233,SEATTLE TACOMA INTERNATIONAL AIRPORT WA US,20130415,0,0,0,139,44,24,20,10,157,201,-9999,1,-9999,-9999,-9999,-9999,-9999,-9999,-9999,-9999
GHCND:USW00024233,SEATTLE TACOMA INTERNATIONAL AIRPORT WA US,20130416,3,0,-9999,139,33,26,20,20,125,157,-9999,-9999,-9999,-9999,-9999,-9999,-9999,-9999,-9999,-9999
GHCND:USW00024233,SEATTLE TACOMA INTERNATIONAL AIRPORT WA US,20130417,0,0,0,150,39,33,230,210,67,89,-9999,-9999,-9999,-9999,-9999,-9999,-9999,1,-9999,-9999
GHCND:USW00024233,SEATTLE TACOMA INTERNATIONAL AIRPORT WA US,20130418,53,0,0,117,67,40,190,190,72,98,-9999,1,-9999,-9999,-9999,-9999,-9999,-9999,-9999,-9999
GHCND:USW00024233,SEATTLE TACOMA INTERNATIONAL AIRPORT WA US,20130419,206,0,0,133,94,49,180,180,76,98,-9999,1,-9999,-9999,-9999,-9999,-9999,-9999,-9999,-9999
GHCND:USW00024233,SEATTLE TACOMA INTERNATIONAL AIRPORT WA US,20130420,0,0,0,139,83,58,230,240,98,125,-9999,-9999,-9999,-9999,-9999,-9999,-9999,-9999,-9999,-9999
GHCND:USW00024233,SEATTLE TACOMA INTERNATIONAL AIRPORT WA US,20130421,33,0,0,122,67,41,350,350,76,98,-9999,-9999,-9999,-9999,-9999,-9999,-9999,-9999,-9999,-9999
GHCND:USW00024233,SEATTLE TACOMA INTERNATIONAL AIRPORT WA US,20130422,0,0,0,161,50,43,340,360,76,94,-9999,-9999,-9999,-9999,-9999,-9999,-9999,-9999,-9999,-9999
GHCND:USW00024233,SEATTLE TACOMA INTERNATIONAL AIRPORT WA US,20130423,0,0,0,178,39,28,350,350,89,107,-9999,-9999,-9999,-9999,-9999,-9999,-9999,-9999,-9999,-9999
GHCND:USW00024233,SEATTLE TACOMA INTERNATIONAL AIRPORT WA US,20130424,0,0,0,211,61,30,320,330,58,76,-9999,-9999,-9999,-9999,-9999,-9999,-9999,-9999,-9999,-9999
GHCND:USW00024233,SEATTLE TACOMA INTERNATIONAL AIRPORT WA US,20130425,0,0,0,217,67,11,270,270,36,54,-9999,-9999,-9999,-9999,-9999,-9999,-9999,-9999,-9999,-9999
GHCND:USW00024233,SEATTLE TACOMA INTERNATIONAL AIRPORT WA US,20130426,0,0,0,206,83,22,210,210,63,72,-9999,1,-9999,-9999,-9999,-9999,-9999,-9999,-9999,-9999
GHCND:USW00024233,SEATTLE TACOMA INTERNATIONAL AIRPORT WA US,20130427,0,0,0,139,106,59,210,210,103,125,-9999,-9999,-9999,-9999,-9999,-9999,-9999,-9999,-9999,-9999
GHCND:USW00024233,SEATTLE TACOMA INTERNATIONAL AIRPORT WA US,20130428,10,0,0,150,94,52,220,220,98,130,-9999,-9999,-9999,-9999,-9999,-9999,-9999,1,-9999,-9999
GHCND:USW00024233,SEATTLE TACOMA INTERNATIONAL AIRPORT WA US,20130429,38,0,0,139,67,42,210,210,103,134,-9999,1,-9999,-9999,-9999,-9999,-9999,-9999,-9999,-9999
GHCND:USW00024233,SEATTLE TACOMA INTERNATIONAL AIRPORT WA US,20130430,0,0,0,128,44,24,20,190,54,116,-9999,-9999,-9999,-9999,-9999,-9999,-9999,-9999,-9999,-9999
GHCND:USW00024233,SEATTLE TACOMA INTERNATIONAL AIRPORT WA US,20130501,0,0,0,183,33,31,350,310,58,72,-9999,-9999,-9999,-9999,-9999,-9999,-9999,-9999,-9999,-9999
GHCND:USW00024233,SEATTLE TACOMA INTERNATIONAL AIRPORT WA US,20130502,0,0,0,206,67,40,350,350,94,107,-9999,-9999,-9999,-9999,-9999,-9999,-9999,-9999,-9999,-9999
GHCND:USW00024233,SEATTLE TACOMA INTERNATIONAL AIRPORT WA US,20130503,0,0,0,217,94,49,20,40,81,103,-9999,-9999,-9999,-9999,-9999,-9999,-9999,-9999,-9999,-9999
GHCND:USW00024233,SEATTLE TACOMA INTERNATIONAL AIRPORT WA US,20130504,0,0,0,250,111,65,360,360,125,157,-9999,-9999,-9999,-9999,-9999,-9999,-9999,-9999,-9999,-9999
GHCND:USW00024233,SEATTLE TACOMA INTERNATIONAL AIRPORT WA US,20130505,0,0,0,289,117,53,360,10,89,107,-9999,-9999,-9999,-9999,-9999,-9999,-9999,-9999,-9999,-9999
GHCND:USW00024233,SEATTLE TACOMA INTERNATIONAL AIRPORT WA US,20130506,0,0,0,306,122,20,330,330,67,89,-9999,-9999,-9999,-9999,-9999,-9999,-9999,-9999,-9999,-9999
GHCND:USW00024233,SEATTLE TACOMA INTERNATIONAL AIRPORT WA US,20130507,0,0,0,206,111,33,200,190,58,81,-9999,-9999,-9999,-9999,-9999,-9999,-9999,-9999,-9999,-9999
GHCND:USW00024233,SEATTLE TACOMA INTERNATIONAL AIRPORT WA US,20130508,0,0,0,194,111,19,220,260,45,58,-9999,-9999,-9999,-9999,-9999,-9999,-9999,-9999,-9999,-9999
GHCND:USW00024233,SEATTLE TACOMA INTERNATIONAL AIRPORT WA US,20130509,0,0,0,228,100,13,360,10,45,58,-9999,-9999,-9999,-9999,-9999,-9999,-9999,-9999,-9999,-9999
GHCND:USW00024233,SEATTLE TACOMA INTERNATIONAL AIRPORT WA US,20130510,0,0,0,261,94,10,280,290,36,45,-9999,-9999,-9999,-9999,-9999,-9999,-9999,-9999,-9999,-9999
GHCND:USW00024233,SEATTLE TACOMA INTERNATIONAL AIRPORT WA US,20130511,0,0,0,272,122,26,220,210,58,72,-9999,-9999,-9999,-9999,-9999,-9999,-9999,-9999,-9999,-9999
GHCND:USW00024233,SEATTLE TACOMA INTERNATIONAL AIRPORT WA US,20130512,66,0,0,217,139,39,240,230,67,81,-9999,1,-9999,-9999,-9999,-9999,-9999,-9999,-9999,-9999
GHCND:USW00024233,SEATTLE TACOMA INTERNATIONAL AIRPORT WA US,20130513,33,0,0,189,94,50,250,230,125,170,-9999,-9999,-9999,-9999,-9999,-9999,-9999,-9999,-9999,-9999
GHCND:USW00024233,SEATTLE TACOMA INTERNATIONAL AIRPORT WA US,20130514,0,0,0,183,78,24,220,200,54,76,-9999,-9999,-9999,-9999,-9999,-9999,-9999,-9999,-9999,-9999
GHCND:USW00024233,SEATTLE TACOMA INTERNATIONAL AIRPORT WA US,20130515,10,0,0,172,89,23,210,240,67,89,-9999,1,-9999,-9999,-9999,-9999,-9999,-9999,-9999,-9999
GHCND:USW00024233,SEATTLE TACOMA INTERNATIONAL AIRPORT WA US,20130516,0,0,0,217,122,27,220,260,76,94,-9999,1,-9999,-9999,-9999,-9999,-9999,-9999,-9999,-9999
GHCND:USW00024233,SEATTLE TACOMA INTERNATIONAL AIRPORT WA US,20130517,5,0,0,172,117,37,200,200,76,98,-9999,-9999,-9999,-9999,-9999,-9999,-9999,-9999,-9999,-9999
GHCND:USW00024233,SEATTLE TACOMA INTERNATIONAL AIRPORT WA US,20130518,0,0,0,167,111,29,220,220,67,81,-9999,-9999,-9999,-9999,-9999,-9999,-9999,-9999,-9999,-9999
GHCND:USW00024233,SEATTLE TACOMA INTERNATIONAL AIRPORT WA US,20130519,0,0,0,183,106,23,40,40,67,76,-9999,-9999,-9999,-9999,-9999,-9999,-9999,-9999,-9999,-9999
GHCND:USW00024233,SEATTLE TACOMA INTERNATIONAL AIRPORT WA US,20130520,0,0,0,194,94,18,30,30,58,67,-9999,-9999,-9999,-9999,-9999,-9999,-9999,-9999,-9999,-9999
GHCND:USW00024233,SEATTLE TACOMA INTERNATIONAL AIRPORT WA US,20130521,137,0,0,156,83,48,210,230,89,112,-9999,1,-9999,-9999,-9999,-9999,-9999,-9999,-9999,-9999
GHCND:USW00024233,SEATTLE TACOMA INTERNATIONAL AIRPORT WA US,20130522,137,0,0,111,72,30,210,240,67,94,-9999,1,-9999,-9999,-9999,-9999,-9999,-9999,-9999,-9999
GHCND:USW00024233,SEATTLE TACOMA INTERNATIONAL AIRPORT WA US,20130523,41,0,0,122,67,19,190,180,72,89,-9999,1,-9999,-9999,-9999,-9999,-9999,-9999,-9999,-9999
GHCND:USW00024233,SEATTLE TACOMA INTERNATIONAL AIRPORT WA US,20130524,3,0,0,167,89,27,200,200,63,76,-9999,-9999,-9999,-9999,-9999,-9999,-9999,-9999,-9999,-9999
GHCND:USW00024233,SEATTLE TACOMA INTERNATIONAL AIRPORT WA US,20130525,0,0,0,178,100,27,250,190,54,89,-9999,-9999,-9999,-9999,-9999,-9999,-9999,-9999,-9999,-9999
GHCND:USW00024233,SEATTLE TACOMA INTERNATIONAL AIRPORT WA US,20130526,15,0,0,183,106,22,240,220,54,67,-9999,1,-9999,-9999,-9999,-9999,-9999,-9999,-9999,-9999
GHCND:USW00024233,SEATTLE TACOMA INTERNATIONAL AIRPORT WA US,20130527,97,0,0,167,111,31,140,130,63,76,-9999,1,-9999,-9999,-9999,-9999,-9999,-9999,-9999,-9999
GHCND:USW00024233,SEATTLE TACOMA INTERNATIONAL AIRPORT WA US,20130528,5,0,0,172,117,28,260,260,72,94,-9999,1,-9999,-9999,-9999,-9999,-9999,-9999,-9999,-9999
GHCND:USW00024233,SEATTLE TACOMA INTERNATIONAL AIRPORT WA US,20130529,56,0,0,161,94,40,220,220,94,125,-9999,1,-9999,-9999,-9999,-9999,-9999,-9999,-9999,-9999
GHCND:USW00024233,SEATTLE TACOMA INTERNATIONAL AIRPORT WA US,20130530,0,0,0,167,94,53,220,220,94,116,-9999,-9999,-9999,-9999,-9999,-9999,-9999,-9999,-9999,-9999
GHCND:USW00024233,SEATTLE TACOMA INTERNATIONAL AIRPORT WA US,20130531,0,0,0,194,111,25,360,240,45,63,-9999,-9999,-9999,-9999,-9999,-9999,-9999,-9999,-9999,-9999
GHCND:USW00024233,SEATTLE TACOMA INTERNATIONAL AIRPORT WA US,20130601,0,0,0,228,122,25,340,350,72,94,-9999,-9999,-9999,-9999,-9999,-9999,-9999,-9999,-9999,-9999
GHCND:USW00024233,SEATTLE TACOMA INTERNATIONAL AIRPORT WA US,20130602,10,0,0,206,122,31,330,340,67,89,-9999,-9999,-9999,-9999,-9999,-9999,-9999,-9999,-9999,-9999
GHCND:USW00024233,SEATTLE TACOMA INTERNATIONAL AIRPORT WA US,20130603,0,0,0,222,111,29,360,250,45,89,-9999,-9999,-9999,-9999,-9999,-9999,-9999,-9999,-9999,-9999
GHCND:USW00024233,SEATTLE TACOMA INTERNATIONAL AIRPORT WA US,20130604,0,0,0,261,122,34,30,30,72,94,-9999,-9999,-9999,-9999,-9999,-9999,-9999,-9999,-9999,-9999
GHCND:USW00024233,SEATTLE TACOMA INTERNATIONAL AIRPORT WA US,20130605,0,0,0,267,144,31,30,30,58,72,-9999,-9999,-9999,-9999,-9999,-9999,-9999,-9999,-9999,-9999
GHCND:USW00024233,SEATTLE TACOMA INTERNATIONAL AIRPORT WA US,20130606,0,0,0,267,122,25,10,40,67,76,-9999,-9999,-9999,-9999,-9999,-9999,-9999,-9999,-9999,-9999
GHCND:USW00024233,SEATTLE TACOMA INTERNATIONAL AIRPORT WA US,20130607,0,0,0,217,133,32,220,240,76,103,-9999,-9999,-9999,-9999,-9999,-9999,-9999,-9999,-9999,-9999
GHCND:USW00024233,SEATTLE TACOMA INTERNATIONAL AIRPORT WA US,20130608,0,0,0,206,128,31,30,30,72,94,-9999,-9999,-9999,-9999,-9999,-9999,-9999,-9999,-9999,-9999
GHCND:USW00024233,SEATTLE TACOMA INTERNATIONAL AIRPORT WA US,20130609,0,0,0,206,111,37,10,20,72,81,-9999,-9999,-9999,-9999,-9999,-9999,-9999,-9999,-9999,-9999
GHCND:USW00024233,SEATTLE TACOMA INTERNATIONAL AIRPORT WA US,20130610,0,0,0,217,117,32,240,240,67,81,-9999,-9999,-9999,-9999,-9999,-9999,-9999,-9999,-9999,-9999
GHCND:USW00024233,SEATTLE TACOMA INTERNATIONAL AIRPORT WA US,20130611,0,0,0,200,100,57,210,220,98,112,-9999,-9999,-9999,-9999,-9999,-9999,-9999,-9999,-9999,-9999
GHCND:USW00024233,SEATTLE TACOMA INTERNATIONAL AIRPORT WA US,20130612,3,0,0,206,117,42,210,210,76,103,-9999,-9999,-9999,-9999,-9999,-9999,-9999,-9999,-9999,-9999
GHCND:USW00024233,SEATTLE TACOMA INTERNATIONAL AIRPORT WA US,20130613,0,0,0,211,117,26,210,200,67,89,-9999,-9999,-9999,-9999,-9999,-9999,-9999,-9999,-9999,-9999
GHCND:USW00024233,SEATTLE TACOMA INTERNATIONAL AIRPORT WA US,20130614,0,0,0,200,122,37,200,210,72,98,-9999,-9999,-9999,-9999,-9999,-9999,-9999,-9999,-9999,-9999
GHCND:USW00024233,SEATTLE TACOMA INTERNATIONAL AIRPORT WA US,20130615,0,0,0,256,100,29,300,300,63,76,-9999,-9999,-9999,-9999,-9999,-9999,-9999,-9999,-9999,-9999
GHCND:USW00024233,SEATTLE TACOMA INTERNATIONAL AIRPORT WA US,20130616,0,0,0,239,128,34,240,200,63,98,-9999,-9999,-9999,-9999,-9999,-9999,-9999,-9999,-9999,-9999
GHCND:USW00024233,SEATTLE TACOMA INTERNATIONAL AIRPORT WA US,20130617,0,0,0,256,139,30,220,250,94,107,-9999,-9999,-9999,-9999,-9999,-9999,-9999,-9999,-9999,-9999
GHCND:USW00024233,SEATTLE TACOMA INTERNATIONAL AIRPORT WA US,20130618,3,0,0,233,133,34,230,230,81,103,-9999,1,-9999,-9999,-9999,-9999,-9999,-9999,-9999,-9999
GHCND:USW00024233,SEATTLE TACOMA INTERNATIONAL AIRPORT WA US,20130619,0,0,0,200,128,37,230,200,67,89,-9999,-9999,-9999,-9999,-9999,-9999,-9999,-9999,-9999,-9999
GHCND:USW00024233,SEATTLE TACOMA INTERNATIONAL AIRPORT WA US,20130620,30,0,0,172,128,50,210,210,89,112,-9999,-9999,-9999,-9999,-9999,-9999,-9999,-9999,-9999,-9999
GHCND:USW00024233,SEATTLE TACOMA INTERNATIONAL AIRPORT WA US,20130621,3,0,0,206,122,15,50,280,45,63,-9999,-9999,-9999,-9999,-9999,-9999,-9999,-9999,-9999,-9999
GHCND:USW00024233,SEATTLE TACOMA INTERNATIONAL AIRPORT WA US,20130622,0,0,0,256,117,17,280,250,45,72,-9999,-9999,-9999,-9999,-9999,-9999,-9999,-9999,-9999,-9999
GHCND:USW00024233,SEATTLE TACOMA INTERNATIONAL AIRPORT WA US,20130623,79,0,0,222,150,21,200,220,54,81,-9999,1,-9999,-9999,-9999,-9999,-9999,-9999,-9999,-9999
GHCND:USW00024233,SEATTLE TACOMA INTERNATIONAL AIRPORT WA US,20130624,48,0,0,211,139,37,220,220,72,94,-9999,1,-9999,-9999,-9999,-9999,-9999,-9999,-9999,-9999
GHCND:USW00024233,SEATTLE TACOMA INTERNATIONAL AIRPORT WA US,20130625,99,0,0,233,144,28,200,200,134,170,-9999,-9999,-9999,-9999,-9999,-9999,-9999,-9999,-9999,-9999
GHCND:USW00024233,SEATTLE TACOMA INTERNATIONAL AIRPORT WA US,20130626,20,0,0,222,150,23,260,260,67,103,-9999,1,-9999,-9999,-9999,-9999,-9999,-9999,-9999,-9999
GHCND:USW00024233,SEATTLE TACOMA INTERNATIONAL AIRPORT WA US,20130627,36,0,0,211,167,13,90,80,40,58,-9999,1,-9999,-9999,-9999,-9999,-9999,-9999,-9999,-9999
GHCND:USW00024233,SEATTLE TACOMA INTERNATIONAL AIRPORT WA US,20130628,0,0,0,306,161,22,210,210,54,67,-9999,-9999,-9999,-9999,-9999,-9999,-9999,-9999,-9999,-9999
GHCND:USW00024233,SEATTLE TACOMA INTERNATIONAL AIRPORT WA US,20130629,0,0,0,300,183,17,10,20,58,67,-9999,-9999,-9999,-9999,-9999,-9999,-9999,-9999,-9999,-9999
GHCND:USW00024233,SEATTLE TACOMA INTERNATIONAL AIRPORT WA US,20130630,0,0,0,339,172,25,300,300,54,67,-9999,-9999,-9999,-9999,-9999,-9999,-9999,-9999,-9999,-9999
GHCND:USW00024233,SEATTLE TACOMA INTERNATIONAL AIRPORT WA US,20130701,0,0,0,317,183,23,30,30,54,63,-9999,-9999,-9999,-9999,-9999,-9999,-9999,-9999,-9999,-9999
GHCND:USW00024233,SEATTLE TACOMA INTERNATIONAL AIRPORT WA US,20130702,0,0,0,283,156,30,30,30,81,98,-9999,-9999,-9999,-9999,-9999,-9999,-9999,-9999,-9999,-9999
GHCND:USW00024233,SEATTLE TACOMA INTERNATIONAL AIRPORT WA US,20130703,0,0,0,261,167,32,30,30,89,103,-9999,-9999,-9999,-9999,-9999,-9999,-9999,-9999,-9999,-9999
GHCND:USW00024233,SEATTLE TACOMA INTERNATIONAL AIRPORT WA US,20130704,0,0,0,217,139,22,250,250,40,63,-9999,1,-9999,-9999,-9999,-9999,-9999,-9999,-9999,-9999
GHCND:USW00024233,SEATTLE TACOMA INTERNATIONAL AIRPORT WA US,20130705,0,0,0,233,139,26,230,250,54,67,-9999,-9999,-9999,-9999,-9999,-9999,-9999,-9999,-9999,-9999
GHCND:USW00024233,SEATTLE TACOMA INTERNATIONAL AIRPORT WA US,20130706,0,0,0,261,133,22,320,330,58,72,-9999,-9999,-9999,-9999,-9999,-9999,-9999,-9999,-9999,-9999
GHCND:USW00024233,SEATTLE TACOMA INTERNATIONAL AIRPORT WA US,20130707,0,0,0,239,139,29,210,210,45,63,-9999,-9999,-9999,-9999,-9999,-9999,-9999,-9999,-9999,-9999
GHCND:USW00024233,SEATTLE TACOMA INTERNATIONAL AIRPORT WA US,20130708,0,0,0,267,133,28,210,210,54,63,-9999,-9999,-9999,-9999,-9999,-9999,-9999,-9999,-9999,-9999
GHCND:USW00024233,SEATTLE TACOMA INTERNATIONAL AIRPORT WA US,20130709,0,0,0,300,150,25,20,30,63,81,-9999,-9999,-9999,-9999,-9999,-9999,-9999,-9999,-9999,-9999
GHCND:USW00024233,SEATTLE TACOMA INTERNATIONAL AIRPORT WA US,20130710,0,0,0,222,139,26,210,180,58,76,-9999,-9999,-9999,-9999,-9999,-9999,-9999,-9999,-9999,-9999
GHCND:USW00024233,SEATTLE TACOMA INTERNATIONAL AIRPORT WA US,20130711,0,0,0,228,122,30,20,20,72,81,-9999,-9999,-9999,-9999,-9999,-9999,-9999,-9999,-9999,-9999
GHCND:USW00024233,SEATTLE TACOMA INTERNATIONAL AIRPORT WA US,20130712,0,0,0,194,133,22,30,30,63,76,-9999,-9999,-9999,-9999,-9999,-9999,-9999,-9999,-9999,-9999
GHCND:USW00024233,SEATTLE TACOMA INTERNATIONAL AIRPORT WA US,20130713,0,0,0,261,111,31,20,350,67,94,-9999,-9999,-9999,-9999,-9999,-9999,-9999,-9999,-9999,-9999
GHCND:USW00024233,SEATTLE TACOMA INTERNATIONAL AIRPORT WA US,20130714,0,0,0,278,128,30,30,30,81,94,-9999,-9999,-9999,-9999,-9999,-9999,-9999,-9999,-9999,-9999
GHCND:USW00024233,SEATTLE TACOMA INTERNATIONAL AIRPORT WA US,20130715,0,0,0,278,144,46,350,350,76,98,-9999,-9999,-9999,-9999,-9999,-9999,-9999,-9999,-9999,-9999
GHCND:USW00024233,SEATTLE TACOMA INTERNATIONAL AIRPORT WA US,20130716,0,0,0,311,183,41,10,360,76,103,-9999,-9999,-9999,-9999,-9999,-9999,-9999,-9999,-9999,-9999
GHCND:USW00024233,SEATTLE TACOMA INTERNATIONAL AIRPORT WA US,20130717,0,0,0,222,150,37,210,220,72,89,-9999,-9999,-9999,-9999,-9999,-9999,-9999,-9999,-9999,1
GHCND:USW00024233,SEATTLE TACOMA INTERNATIONAL AIRPORT WA US,20130718,0,0,0,261,139,20,320,310,58,67,-9999,-9999,-9999,-9999,-9999,-9999,-9999,-9999,-9999,-9999
GHCND:USW00024233,SEATTLE TACOMA INTERNATIONAL AIRPORT WA US,20130719,0,0,0,278,133,19,10,320,54,81,-9999,-9999,-9999,-9999,-9999,-9999,-9999,-9999,-9999,-9999
GHCND:USW00024233,SEATTLE TACOMA INTERNATIONAL AIRPORT WA US,20130720,0,0,0,250,133,20,270,210,36,54,-9999,-9999,-9999,-9999,-9999,-9999,-9999,-9999,-9999,-9999
GHCND:USW00024233,SEATTLE TACOMA INTERNATIONAL AIRPORT WA US,20130721,0,0,0,239,128,23,200,210,54,72,-9999,-9999,-9999,-9999,-9999,-9999,-9999,-9999,-9999,-9999
GHCND:USW00024233,SEATTLE TACOMA INTERNATIONAL AIRPORT WA US,20130722,0,0,0,261,133,24,140,110,76,112,-9999,1,-9999,-9999,-9999,-9999,-9999,-9999,-9999,-9999
GHCND:USW00024233,SEATTLE TACOMA INTERNATIONAL AIRPORT WA US,20130723,0,0,0,311,139,30,350,350,76,94,-9999,-9999,-9999,-9999,-9999,-9999,-9999,-9999,-9999,-9999
GHCND:USW00024233,SEATTLE TACOMA INTERNATIONAL AIRPORT WA US,20130724,0,0,0,311,144,25,10,10,63,76,-9999,-9999,-9999,-9999,-9999,-9999,-9999,-9999,-9999,-9999
GHCND:USW00024233,SEATTLE TACOMA INTERNATIONAL AIRPORT WA US,20130725,0,0,0,311,128,23,10,360,54,76,-9999,-9999,-9999,-9999,-9999,-9999,-9999,-9999,-9999,-9999
GHCND:USW00024233,SEATTLE TACOMA INTERNATIONAL AIRPORT WA US,20130726,0,0,0,311,144,29,40,30,98,112,-9999,-9999,-9999,-9999,-9999,-9999,-9999,-9999,-9999,-9999
GHCND:USW00024233,SEATTLE TACOMA INTERNATIONAL AIRPORT WA US,20130727,0,0,0,256,128,26,310,240,54,72,-9999,-9999,-9999,-9999,-9999,-9999,-9999,-9999,-9999,-9999
GHCND:USW00024233,SEATTLE TACOMA INTERNATIONAL AIRPORT WA US,20130728,0,0,0,211,122,34,230,220,67,94,-9999,1,-9999,-9999,-9999,-9999,-9999,-9999,-9999,-9999
GHCND:USW00024233,SEATTLE TACOMA INTERNATIONAL AIRPORT WA US,20130729,0,0,0,250,133,14,330,320,45,63,-9999,-9999,-9999,-9999,-9999,-9999,-9999,-9999,-9999,-9999
GHCND:USW00024233,SEATTLE TACOMA INTERNATIONAL AIRPORT WA US,20130730,0,0,0,250,133,28,240,240,45,72,-9999,-9999,-9999,-9999,-9999,-9999,-9999,-9999,-9999,-9999
GHCND:USW00024233,SEATTLE TACOMA INTERNATIONAL AIRPORT WA US,20130731,0,0,0,217,133,18,200,250,40,58,-9999,-9999,-9999,-9999,-9999,-9999,-9999,-9999,-9999,-9999
GHCND:USW00024233,SEATTLE TACOMA INTERNATIONAL AIRPORT WA US,20130801,0,0,0,206,133,39,220,210,67,94,-9999,-9999,-9999,-9999,-9999,-9999,-9999,-9999,-9999,-9999
GHCND:USW00024233,SEATTLE TACOMA INTERNATIONAL AIRPORT WA US,20130802,20,0,0,172,150,20,220,180,45,67,-9999,-9999,-9999,-9999,-9999,-9999,-9999,-9999,-9999,-9999
GHCND:USW00024233,SEATTLE TACOMA INTERNATIONAL AIRPORT WA US,20130803,0,0,0,250,156,24,10,300,54,58,-9999,1,-9999,-9999,-9999,-9999,-9999,-9999,-9999,-9999
GHCND:USW00024233,SEATTLE TACOMA INTERNATIONAL AIRPORT WA US,20130804,0,0,0,289,150,34,340,310,67,89,-9999,-9999,-9999,-9999,-9999,-9999,-9999,-9999,-9999,-9999
GHCND:USW00024233,SEATTLE TACOMA INTERNATIONAL AIRPORT WA US,20130805,0,0,0,300,150,21,280,290,45,63,-9999,-9999,-9999,-9999,-9999,-9999,-9999,-9999,-9999,-9999
GHCND:USW00024233,SEATTLE TACOMA INTERNATIONAL AIRPORT WA US,20130806,0,0,0,306,139,14,270,270,36,54,-9999,-9999,-9999,-9999,-9999,-9999,-9999,-9999,-9999,-9999
GHCND:USW00024233,SEATTLE TACOMA INTERNATIONAL AIRPORT WA US,20130807,0,0,0,311,139,19,310,310,58,72,-9999,-9999,-9999,-9999,-9999,-9999,-9999,-9999,-9999,-9999
GHCND:USW00024233,SEATTLE TACOMA INTERNATIONAL AIRPORT WA US,20130808,0,0,0,283,144,25,20,80,54,103,-9999,-9999,-9999,-9999,-9999,-9999,-9999,-9999,-9999,-9999
GHCND:USW00024233,SEATTLE TACOMA INTERNATIONAL AIRPORT WA US,20130809,0,0,0,283,144,21,190,180,63,81,-9999,-9999,-9999,-9999,-9999,-9999,-9999,-9999,-9999,1
GHCND:USW00024233,SEATTLE TACOMA INTERNATIONAL AIRPORT WA US,20130810,23,0,0,256,150,29,190,200,67,81,-9999,-9999,-9999,-9999,-9999,-9999,-9999,-9999,-9999,-9999
GHCND:USW00024233,SEATTLE TACOMA INTERNATIONAL AIRPORT WA US,20130811,0,0,0,250,144,29,250,230,58,76,-9999,-9999,-9999,-9999,-9999,-9999,-9999,-9999,-9999,-9999
GHCND:USW00024233,SEATTLE TACOMA INTERNATIONAL AIRPORT WA US,20130812,0,0,0,256,161,19,240,250,54,67,-9999,-9999,-9999,-9999,-9999,-9999,-9999,-9999,-9999,-9999
GHCND:USW00024233,SEATTLE TACOMA INTERNATIONAL AIRPORT WA US,20130813,0,0,0,278,150,18,350,210,40,107,-9999,-9999,-9999,-9999,-9999,-9999,-9999,-9999,-9999,-9999
GHCND:USW00024233,SEATTLE TACOMA INTERNATIONAL AIRPORT WA US,20130814,8,0,0,272,150,20,260,250,63,81,-9999,-9999,-9999,-9999,-9999,-9999,-9999,-9999,-9999,-9999
GHCND:USW00024233,SEATTLE TACOMA INTERNATIONAL AIRPORT WA US,20130815,18,0,0,211,172,10,200,200,31,36,-9999,-9999,-9999,-9999,-9999,-9999,-9999,-9999,-9999,-9999
GHCND:USW00024233,SEATTLE TACOMA INTERNATIONAL AIRPORT WA US,20130816,0,0,0,289,161,22,240,230,45,76,-9999,1,-9999,-9999,-9999,-9999,-9999,-9999,-9999,-9999
GHCND:USW00024233,SEATTLE TACOMA INTERNATIONAL AIRPORT WA US,20130817,0,0,0,256,172,30,220,230,67,89,-9999,-9999,-9999,-9999,-9999,-9999,-9999,-9999,-9999,-9999
GHCND:USW00024233,SEATTLE TACOMA INTERNATIONAL AIRPORT WA US,20130818,0,0,0,261,156,31,240,240,63,81,-9999,-9999,-9999,-9999,-9999,-9999,-9999,-9999,-9999,-9999
GHCND:USW00024233,SEATTLE TACOMA INTERNATIONAL AIRPORT WA US,20130819,0,0,0,267,156,30,350,40,76,94,-9999,-9999,-9999,-9999,-9999,-9999,-9999,-9999,-9999,-9999
GHCND:USW00024233,SEATTLE TACOMA INTERNATIONAL AIRPORT WA US,20130820,0,0,0,256,161,46,20,350,72,94,-9999,-9999,-9999,-9999,-9999,-9999,-9999,-9999,-9999,-9999
GHCND:USW00024233,SEATTLE TACOMA INTERNATIONAL AIRPORT WA US,20130821,0,0,0,278,150,43,350,360,63,89,-9999,-9999,-9999,-9999,-9999,-9999,-9999,-9999,-9999,-9999
GHCND:USW00024233,SEATTLE TACOMA INTERNATIONAL AIRPORT WA US,20130822,0,0,0,289,150,19,300,10,54,67,-9999,-9999,-9999,-9999,-9999,-9999,-9999,-9999,-9999,-9999
GHCND:USW00024233,SEATTLE TACOMA INTERNATIONAL AIRPORT WA US,20130823,0,0,0,250,161,41,210,220,76,103,-9999,-9999,-9999,-9999,-9999,-9999,-9999,-9999,-9999,-9999
GHCND:USW00024233,SEATTLE TACOMA INTERNATIONAL AIRPORT WA US,20130824,0,0,0,250,167,27,210,240,54,72,-9999,-9999,-9999,-9999,-9999,-9999,-9999,-9999,-9999,-9999
GHCND:USW00024233,SEATTLE TACOMA INTERNATIONAL AIRPORT WA US,20130825,3,0,0,222,161,26,30,50,54,67,-9999,-9999,-9999,-9999,-9999,-9999,-9999,-9999,-9999,-9999
GHCND:USW00024233,SEATTLE TACOMA INTERNATIONAL AIRPORT WA US,20130826,10,0,0,244,161,19,250,240,72,103,-9999,-9999,-9999,-9999,-9999,-9999,-9999,-9999,-9999,-9999
GHCND:USW00024233,SEATTLE TACOMA INTERNATIONAL AIRPORT WA US,20130827,13,0,0,267,172,14,310,310,58,67,-9999,-9999,-9999,-9999,-9999,-9999,-9999,-9999,-9999,-9999
GHCND:USW00024233,SEATTLE TACOMA INTERNATIONAL AIRPORT WA US,20130828,56,0,0,267,156,13,120,110,54,63,-9999,1,-9999,-9999,-9999,-9999,-9999,-9999,-9999,-9999
GHCND:USW00024233,SEATTLE TACOMA INTERNATIONAL AIRPORT WA US,20130829,193,0,0,239,183,30,160,160,81,107,-9999,-9999,-9999,-9999,-9999,-9999,-9999,-9999,-9999,-9999
GHCND:USW00024233,SEATTLE TACOMA INTERNATIONAL AIRPORT WA US,20130830,0,0,0,261,161,29,350,350,58,72,-9999,-9999,-9999,-9999,-9999,-9999,-9999,-9999,-9999,-9999
GHCND:USW00024233,SEATTLE TACOMA INTERNATIONAL AIRPORT WA US,20130831,0,0,0,278,139,26,290,10,58,89,-9999,-9999,-9999,-9999,-9999,-9999,-9999,-9999,-9999,-9999
GHCND:USW00024233,SEATTLE TACOMA INTERNATIONAL AIRPORT WA US,20130901,0,0,0,278,156,25,200,220,54,67,-9999,-9999,-9999,-9999,-9999,-9999,-9999,-9999,-9999,-9999
GHCND:USW00024233,SEATTLE TACOMA INTERNATIONAL AIRPORT WA US,20130902,0,0,0,278,172,21,240,230,54,72,-9999,-9999,-9999,-9999,-9999,-9999,-9999,-9999,-9999,-9999
GHCND:USW00024233,SEATTLE TACOMA INTERNATIONAL AIRPORT WA US,20130903,23,0,0,250,167,17,270,310,36,58,-9999,1,-9999,-9999,-9999,-9999,-9999,-9999,-9999,-9999
GHCND:USW00024233,SEATTLE TACOMA INTERNATIONAL AIRPORT WA US,20130904,3,0,0,228,161,24,10,20,67,81,-9999,1,-9999,-9999,-9999,-9999,-9999,-9999,-9999,-9999
GHCND:USW00024233,SEATTLE TACOMA INTERNATIONAL AIRPORT WA US,20130905,277,0,0,200,156,25,190,200,63,76,-9999,-9999,-9999,-9999,-9999,-9999,-9999,-9999,-9999,-9999
GHCND:USW00024233,SEATTLE TACOMA INTERNATIONAL AIRPORT WA US,20130906,213,0,0,217,161,26,210,220,63,76,-9999,1,-9999,-9999,-9999,-9999,-9999,-9999,-9999,-9999
GHCND:USW00024233,SEATTLE TACOMA INTERNATIONAL AIRPORT WA US,20130907,0,0,0,233,172,20,30,320,54,67,-9999,-9999,-9999,-9999,-9999,-9999,-9999,-9999,-9999,-9999
GHCND:USW00024233,SEATTLE TACOMA INTERNATIONAL AIRPORT WA US,20130908,0,0,0,267,144,15,10,360,45,76,-9999,1,-9999,-9999,-9999,-9999,-9999,-9999,-9999,-9999
GHCND:USW00024233,SEATTLE TACOMA INTERNATIONAL AIRPORT WA US,20130909,0,0,0,261,139,21,10,360,45,58,-9999,-9999,-9999,-9999,-9999,-9999,-9999,-9999,-9999,-9999
GHCND:USW00024233,SEATTLE TACOMA INTERNATIONAL AIRPORT WA US,20130910,0,0,0,267,150,37,350,50,63,161,-9999,-9999,-9999,-9999,-9999,-9999,-9999,-9999,-9999,-9999
GHCND:USW00024233,SEATTLE TACOMA INTERNATIONAL AIRPORT WA US,20130911,0,0,0,339,161,24,360,350,54,67,-9999,-9999,-9999,-9999,-9999,-9999,-9999,-9999,-9999,-9999
GHCND:USW00024233,SEATTLE TACOMA INTERNATIONAL AIRPORT WA US,20130912,0,0,0,256,150,17,210,200,40,45,-9999,-9999,-9999,-9999,-9999,-9999,-9999,-9999,-9999,-9999
GHCND:USW00024233,SEATTLE TACOMA INTERNATIONAL AIRPORT WA US,20130913,0,0,0,189,156,20,220,190,40,54,-9999,-9999,-9999,-9999,-9999,-9999,-9999,-9999,-9999,-9999
GHCND:USW00024233,SEATTLE TACOMA INTERNATIONAL AIRPORT WA US,20130914,0,0,0,217,156,14,310,-9999,31,-9999,-9999,1,-9999,-9999,-9999,-9999,-9999,-9999,-9999,-9999
GHCND:USW00024233,SEATTLE TACOMA INTERNATIONAL AIRPORT WA US,20130915,33,0,0,189,144,22,200,210,58,72,-9999,-9999,-9999,-9999,-9999,-9999,-9999,-9999,-9999,-9999
GHCND:USW00024233,SEATTLE TACOMA INTERNATIONAL AIRPORT WA US,20130916,3,0,0,217,150,43,30,30,72,89,-9999,1,-9999,-9999,-9999,-9999,-9999,-9999,-9999,-9999
GHCND:USW00024233,SEATTLE TACOMA INTERNATIONAL AIRPORT WA US,20130917,0,0,0,178,139,23,40,40,58,76,-9999,-9999,-9999,-9999,-9999,-9999,-9999,-9999,-9999,-9999
GHCND:USW00024233,SEATTLE TACOMA INTERNATIONAL AIRPORT WA US,20130918,0,0,0,211,133,25,250,200,45,67,-9999,-9999,-9999,-9999,-9999,-9999,-9999,-9999,-9999,-9999
GHCND:USW00024233,SEATTLE TACOMA INTERNATIONAL AIRPORT WA US,20130919,0,0,0,256,100,15,290,290,40,58,-9999,-9999,-9999,-9999,-9999,-9999,-9999,-9999,-9999,-9999
GHCND:USW00024233,SEATTLE TACOMA INTERNATIONAL AIRPORT WA US,20130920,36,0,0,233,133,30,250,240,89,116,-9999,1,-9999,-9999,-9999,-9999,-9999,-9999,-9999,-9999
GHCND:USW00024233,SEATTLE TACOMA INTERNATIONAL AIRPORT WA US,20130921,0,0,0,211,133,25,200,230,45,63,-9999,-9999,-9999,-9999,-9999,-9999,-9999,-9999,-9999,-9999
GHCND:USW00024233,SEATTLE TACOMA INTERNATIONAL AIRPORT WA US,20130922,135,0,0,172,133,55,180,190,98,125,-9999,1,-9999,-9999,-9999,-9999,-9999,-9999,-9999,-9999
GHCND:USW00024233,SEATTLE TACOMA INTERNATIONAL AIRPORT WA US,20130923,28,0,0,161,111,45,190,200,81,103,-9999,1,-9999,-9999,-9999,-9999,-9999,-9999,-9999,-9999
GHCND:USW00024233,SEATTLE TACOMA INTERNATIONAL AIRPORT WA US,20130924,0,0,0,178,100,26,160,210,58,72,-9999,-9999,-9999,-9999,-9999,-9999,-9999,-9999,-9999,-9999
GHCND:USW00024233,SEATTLE TACOMA INTERNATIONAL AIRPORT WA US,20130925,20,0,0,161,94,30,350,80,67,112,-9999,1,-9999,-9999,-9999,-9999,-9999,-9999,-9999,-9999
GHCND:USW00024233,SEATTLE TACOMA INTERNATIONAL AIRPORT WA US,20130926,0,0,0,172,72,22,300,300,45,63,-9999,-9999,-9999,-9999,-9999,-9999,-9999,-9999,-9999,-9999
GHCND:USW00024233,SEATTLE TACOMA INTERNATIONAL AIRPORT WA US,20130927,10,0,0,139,106,43,200,190,81,103,-9999,1,-9999,-9999,-9999,-9999,-9999,-9999,-9999,-9999
GHCND:USW00024233,SEATTLE TACOMA INTERNATIONAL AIRPORT WA US,20130928,434,0,0,167,117,60,170,240,112,161,-9999,1,-9999,-9999,-9999,-9999,-9999,-9999,-9999,-9999
GHCND:USW00024233,SEATTLE TACOMA INTERNATIONAL AIRPORT WA US,20130929,168,0,0,144,111,71,220,220,125,174,-9999,-9999,-9999,-9999,-9999,-9999,-9999,-9999,-9999,-9999
GHCND:USW00024233,SEATTLE TACOMA INTERNATIONAL AIRPORT WA US,20130930,185,0,0,139,100,63,190,190,112,157,-9999,1,-9999,-9999,-9999,-9999,-9999,-9999,-9999,-9999
GHCND:USW00024233,SEATTLE TACOMA INTERNATIONAL AIRPORT WA US,20131001,79,0,0,144,89,47,180,190,89,103,-9999,1,-9999,-9999,-9999,-9999,-9999,-9999,-9999,-9999
GHCND:USW00024233,SEATTLE TACOMA INTERNATIONAL AIRPORT WA US,20131002,53,0,0,128,94,24,190,190,72,89,-9999,1,-9999,-9999,-9999,-9999,-9999,-9999,-9999,-9999
GHCND:USW00024233,SEATTLE TACOMA INTERNATIONAL AIRPORT WA US,20131003,8,0,0,144,89,9,300,300,31,40,-9999,1,-9999,-9999,-9999,-9999,-9999,-9999,-9999,-9999
GHCND:USW00024233,SEATTLE TACOMA INTERNATIONAL AIRPORT WA US,20131004,0,0,0,178,56,11,270,110,40,72,-9999,-9999,-9999,-9999,-9999,-9999,-9999,-9999,-9999,-9999
GHCND:USW00024233,SEATTLE TACOMA INTERNATIONAL AIRPORT WA US,20131005,0,0,0,200,83,16,340,340,36,54,-9999,-9999,-9999,-9999,-9999,-9999,-9999,-9999,-9999,-9999
GHCND:USW00024233,SEATTLE TACOMA INTERNATIONAL AIRPORT WA US,20131006,41,0,0,228,78,26,240,240,94,130,-9999,1,-9999,-9999,-9999,-9999,-9999,-9999,-9999,-9999
GHCND:USW00024233,SEATTLE TACOMA INTERNATIONAL AIRPORT WA US,20131007,5,0,0,161,117,63,200,210,98,134,-9999,1,-9999,-9999,-9999,-9999,-9999,-9999,-9999,-9999
GHCND:USW00024233,SEATTLE TACOMA INTERNATIONAL AIRPORT WA US,20131008,69,0,0,139,78,30,10,30,94,112,-9999,-9999,-9999,-9999,-9999,-9999,-9999,-9999,-9999,1
GHCND:USW00024233,SEATTLE TACOMA INTERNATIONAL AIRPORT WA US,20131009,0,0,0,150,56,16,280,270,36,45,-9999,-9999,-9999,-9999,-9999,-9999,-9999,-9999,-9999,-9999
GHCND:USW00024233,SEATTLE TACOMA INTERNATIONAL AIRPORT WA US,20131010,10,0,0,144,83,17,220,230,40,58,-9999,1,-9999,-9999,-9999,-9999,-9999,-9999,-9999,-9999
GHCND:USW00024233,SEATTLE TACOMA INTERNATIONAL AIRPORT WA US,20131011,91,0,0,139,106,10,210,190,36,40,-9999,-9999,-9999,-9999,-9999,-9999,-9999,-9999,-9999,-9999
GHCND:USW00024233,SEATTLE TACOMA INTERNATIONAL AIRPORT WA US,20131012,10,0,0,144,89,22,350,350,67,76,-9999,1,-9999,-9999,-9999,-9999,-9999,-9999,-9999,-9999
GHCND:USW00024233,SEATTLE TACOMA INTERNATIONAL AIRPORT WA US,20131013,0,0,0,150,67,18,50,50,54,63,-9999,1,-9999,-9999,-9999,-9999,-9999,-9999,-9999,-9999
GHCND:USW00024233,SEATTLE TACOMA INTERNATIONAL AIRPORT WA US,20131014,0,0,0,156,39,16,30,20,45,54,-9999,-9999,-9999,-9999,-9999,-9999,-9999,-9999,-9999,-9999
GHCND:USW00024233,SEATTLE TACOMA INTERNATIONAL AIRPORT WA US,20131015,0,0,0,156,50,9,270,280,36,40,-9999,-9999,-9999,-9999,-9999,-9999,-9999,-9999,-9999,-9999
GHCND:USW00024233,SEATTLE TACOMA INTERNATIONAL AIRPORT WA US,20131016,0,0,0,128,89,27,10,40,67,89,-9999,1,-9999,-9999,-9999,-9999,-9999,-9999,-9999,-9999
GHCND:USW00024233,SEATTLE TACOMA INTERNATIONAL AIRPORT WA US,20131017,0,0,0,144,89,17,20,50,31,45,-9999,1,-9999,-9999,-9999,-9999,-9999,-9999,-9999,-9999
GHCND:USW00024233,SEATTLE TACOMA INTERNATIONAL AIRPORT WA US,20131018,0,0,0,128,72,12,10,20,40,54,-9999,-9999,-9999,-9999,-9999,-9999,-9999,-9999,-9999,-9999
GHCND:USW00024233,SEATTLE TACOMA INTERNATIONAL AIRPORT WA US,20131019,0,0,0,106,78,14,30,30,31,40,-9999,-9999,-9999,-9999,-9999,-9999,-9999,-9999,-9999,-9999
GHCND:USW00024233,SEATTLE TACOMA INTERNATIONAL AIRPORT WA US,20131020,0,0,0,106,78,24,10,40,40,54,-9999,-9999,-9999,-9999,-9999,-9999,-9999,-9999,-9999,-9999
GHCND:USW00024233,SEATTLE TACOMA INTERNATIONAL AIRPORT WA US,20131021,0,0,0,117,83,25,30,40,40,54,-9999,-9999,-9999,-9999,-9999,-9999,-9999,-9999,-9999,-9999
GHCND:USW00024233,SEATTLE TACOMA INTERNATIONAL AIRPORT WA US,20131022,0,0,0,144,72,19,30,40,40,54,-9999,-9999,-9999,-9999,-9999,-9999,-9999,-9999,-9999,-9999
GHCND:USW00024233,SEATTLE TACOMA INTERNATIONAL AIRPORT WA US,20131023,0,0,0,128,61,4,30,250,27,31,-9999,-9999,-9999,-9999,-9999,-9999,-9999,-9999,-9999,-9999
GHCND:USW00024233,SEATTLE TACOMA INTERNATIONAL AIRPORT WA US,20131024,0,0,0,100,61,6,170,170,31,36,-9999,-9999,-9999,-9999,-9999,-9999,-9999,-9999,-9999,-9999
GHCND:USW00024233,SEATTLE TACOMA INTERNATIONAL AIRPORT WA US,20131025,0,0,0,122,78,18,40,30,45,58,-9999,-9999,-9999,-9999,-9999,-9999,-9999,-9999,-9999,-9999
GHCND:USW00024233,SEATTLE TACOMA INTERNATIONAL AIRPORT WA US,20131026,0,0,0,117,83,27,30,40,63,72,-9999,-9999,-9999,-9999,-9999,-9999,-9999,-9999,-9999,-9999
GHCND:USW00024233,SEATTLE TACOMA INTERNATIONAL AIRPORT WA US,20131027,18,0,0,139,83,44,10,350,107,143,-9999,1,-9999,-9999,-9999,-9999,-9999,-9999,-9999,-9999
GHCND:USW00024233,SEATTLE TACOMA INTERNATIONAL AIRPORT WA US,20131028,0,0,0,144,72,51,10,10,103,134,-9999,-9999,-9999,-9999,-9999,-9999,-9999,-9999,-9999,-9999
GHCND:USW00024233,SEATTLE TACOMA INTERNATIONAL AIRPORT WA US,20131029,0,0,0,133,33,22,130,330,45,103,-9999,-9999,-9999,-9999,-9999,-9999,-9999,-9999,-9999,-9999
GHCND:USW00024233,SEATTLE TACOMA INTERNATIONAL AIRPORT WA US,20131030,5,0,0,150,56,39,220,220,94,130,-9999,-9999,-9999,-9999,-9999,-9999,-9999,-9999,-9999,-9999
GHCND:USW00024233,SEATTLE TACOMA INTERNATIONAL AIRPORT WA US,20131031,3,0,0,144,106,22,210,210,63,81,-9999,1,-9999,-9999,-9999,-9999,-9999,-9999,-9999,-9999
GHCND:USW00024233,SEATTLE TACOMA INTERNATIONAL AIRPORT WA US,20131101,13,0,0,178,117,14,160,160,54,63,-9999,-9999,-9999,-9999,-9999,-9999,-9999,-9999,-9999,-9999
GHCND:USW00024233,SEATTLE TACOMA INTERNATIONAL AIRPORT WA US,20131102,127,0,0,144,83,79,220,210,192,264,-9999,1,-9999,-9999,-9999,-9999,-9999,-9999,-9999,-9999
GHCND:USW00024233,SEATTLE TACOMA INTERNATIONAL AIRPORT WA US,20131103,5,0,0,122,44,24,10,220,63,89,-9999,-9999,-9999,-9999,-9999,-9999,-9999,-9999,-9999,-9999
GHCND:USW00024233,SEATTLE TACOMA INTERNATIONAL AIRPORT WA US,20131104,0,0,0,106,39,16,110,120,54,67,-9999,-9999,-9999,-9999,-9999,-9999,-9999,1,-9999,-9999
GHCND:USW00024233,SEATTLE TACOMA INTERNATIONAL AIRPORT WA US,20131105,25,0,0,133,72,31,200,200,94,125,-9999,1,-9999,-9999,-9999,-9999,-9999,-9999,-9999,-9999
GHCND:USW00024233,SEATTLE TACOMA INTERNATIONAL AIRPORT WA US,20131106,38,0,0,128,78,17,140,140,58,76,-9999,-9999,-9999,-9999,-9999,-9999,-9999,-9999,-9999,-9999
GHCND:USW00024233,SEATTLE TACOMA INTERNATIONAL AIRPORT WA US,20131107,300,0,0,111,100,72,200,190,125,165,-9999,1,-9999,-9999,-9999,-9999,-9999,-9999,-9999,-9999
GHCND:USW00024233,SEATTLE TACOMA INTERNATIONAL AIRPORT WA US,20131108,0,0,0,133,72,41,220,220,103,130,-9999,-9999,-9999,-9999,-9999,-9999,-9999,-9999,-9999,-9999
GHCND:USW00024233,SEATTLE TACOMA INTERNATIONAL AIRPORT WA US,20131109,18,0,0,111,50,14,360,360,40,54,-9999,-9999,-9999,-9999,-9999,-9999,-9999,-9999,-9999,-9999
GHCND:USW00024233,SEATTLE TACOMA INTERNATIONAL AIRPORT WA US,20131110,0,0,0,111,83,44,360,10,67,81,-9999,-9999,-9999,-9999,-9999,-9999,-9999,-9999,-9999,-9999
GHCND:USW00024233,SEATTLE TACOMA INTERNATIONAL AIRPORT WA US,20131111,0,0,0,161,61,26,120,130,72,98,-9999,1,-9999,-9999,-9999,-9999,-9999,-9999,-9999,-9999
GHCND:USW00024233,SEATTLE TACOMA INTERNATIONAL AIRPORT WA US,20131112,41,0,0,156,89,22,210,230,67,94,-9999,1,-9999,-9999,-9999,-9999,-9999,-9999,-9999,-9999
GHCND:USW00024233,SEATTLE TACOMA INTERNATIONAL AIRPORT WA US,20131113,0,0,0,139,106,38,220,220,72,89,-9999,-9999,-9999,-9999,-9999,-9999,-9999,-9999,-9999,-9999
GHCND:USW00024233,SEATTLE TACOMA INTERNATIONAL AIRPORT WA US,20131114,13,0,0,111,61,11,210,210,36,40,-9999,1,-9999,-9999,-9999,-9999,-9999,-9999,-9999,-9999
GHCND:USW00024233,SEATTLE TACOMA INTERNATIONAL AIRPORT WA US,20131115,30,0,0,106,72,60,180,170,125,170,-9999,-9999,-9999,-9999,-9999,-9999,-9999,-9999,-9999,-9999
GHCND:USW00024233,SEATTLE TACOMA INTERNATIONAL AIRPORT WA US,20131116,0,0,0,100,50,46,210,230,103,139,-9999,-9999,-9999,-9999,-9999,-9999,-9999,-9999,-9999,-9999
GHCND:USW00024233,SEATTLE TACOMA INTERNATIONAL AIRPORT WA US,20131117,53,0,0,117,72,54,200,200,98,130,-9999,1,-9999,-9999,-9999,-9999,-9999,-9999,-9999,-9999
GHCND:USW00024233,SEATTLE TACOMA INTERNATIONAL AIRPORT WA US,20131118,262,0,0,128,94,39,160,180,89,103,-9999,1,-9999,-9999,-9999,-9999,-9999,-9999,-9999,-9999
GHCND:USW00024233,SEATTLE TACOMA INTERNATIONAL AIRPORT WA US,20131119,10,0,0,133,44,51,360,210,94,125,-9999,1,-9999,-9999,-9999,-9999,-9999,-9999,-9999,-9999
GHCND:USW00024233,SEATTLE TACOMA INTERNATIONAL AIRPORT WA US,20131120,0,0,0,78,17,43,10,360,81,98,-9999,-9999,-9999,-9999,-9999,-9999,-9999,-9999,-9999,-9999
GHCND:USW00024233,SEATTLE TACOMA INTERNATIONAL AIRPORT WA US,20131121,0,0,0,78,-5,36,30,30,72,94,-9999,-9999,-9999,-9999,-9999,-9999,-9999,-9999,-9999,-9999
GHCND:USW00024233,SEATTLE TACOMA INTERNATIONAL AIRPORT WA US,20131122,0,0,0,94,0,46,10,30,72,94,-9999,-9999,-9999,-9999,-9999,-9999,-9999,-9999,-9999,-9999
GHCND:USW00024233,SEATTLE TACOMA INTERNATIONAL AIRPORT WA US,20131123,0,0,0,111,11,26,20,310,54,58,-9999,-9999,-9999,-9999,-9999,-9999,-9999,-9999,-9999,-9999
GHCND:USW00024233,SEATTLE TACOMA INTERNATIONAL AIRPORT WA US,20131124,0,0,0,117,6,9,20,40,36,45,-9999,1,-9999,-9999,-9999,-9999,-9999,-9999,-9999,-9999
GHCND:USW00024233,SEATTLE TACOMA INTERNATIONAL AIRPORT WA US,20131125,0,0,0,122,22,5,160,110,27,27,-9999,-9999,-9999,-9999,-9999,-9999,-9999,-9999,-9999,-9999
GHCND:USW00024233,SEATTLE TACOMA INTERNATIONAL AIRPORT WA US,20131126,0,0,0,122,28,10,130,130,40,54,-9999,-9999,-9999,-9999,-9999,-9999,-9999,-9999,-9999,-9999
GHCND:USW00024233,SEATTLE TACOMA INTERNATIONAL AIRPORT WA US,20131127,0,0,0,144,56,13,30,360,40,54,-9999,-9999,-9999,-9999,-9999,-9999,-9999,-9999,-9999,-9999
GHCND:USW00024233,SEATTLE TACOMA INTERNATIONAL AIRPORT WA US,20131128,0,0,0,117,33,7,120,190,36,58,-9999,-9999,-9999,-9999,-9999,-9999,-9999,-9999,-9999,-9999
GHCND:USW00024233,SEATTLE TACOMA INTERNATIONAL AIRPORT WA US,20131129,5,0,0,94,50,21,140,130,45,54,-9999,1,-9999,-9999,-9999,-9999,-9999,-9999,-9999,-9999
GHCND:USW00024233,SEATTLE TACOMA INTERNATIONAL AIRPORT WA US,20131130,23,0,0,111,72,39,220,220,76,94,-9999,1,-9999,-9999,-9999,-9999,-9999,-9999,-9999,-9999
GHCND:USW00024233,SEATTLE TACOMA INTERNATIONAL AIRPORT WA US,20131201,30,0,0,133,78,88,220,210,134,183,-9999,1,-9999,-9999,-9999,-9999,-9999,-9999,-9999,-9999
GHCND:USW00024233,SEATTLE TACOMA INTERNATIONAL AIRPORT WA US,20131202,46,0,0,78,17,35,220,230,112,143,-9999,-9999,-9999,-9999,-9999,-9999,-9999,-9999,-9999,-9999
GHCND:USW00024233,SEATTLE TACOMA INTERNATIONAL AIRPORT WA US,20131203,0,0,0,50,-5,56,20,10,112,130,-9999,-9999,-9999,-9999,-9999,-9999,-9999,-9999,-9999,-9999
GHCND:USW00024233,SEATTLE TACOMA INTERNATIONAL AIRPORT WA US,20131204,0,0,0,44,-21,16,120,30,36,45,-9999,-9999,-9999,-9999,-9999,-9999,-9999,-9999,-9999,-9999
GHCND:USW00024233,SEATTLE TACOMA INTERNATIONAL AIRPORT WA US,20131205,0,0,0,11,-49,26,110,100,58,72,-9999,-9999,-9999,-9999,-9999,-9999,-9999,-9999,-9999,-9999
GHCND:USW00024233,SEATTLE TACOMA INTERNATIONAL AIRPORT WA US,20131206,0,0,0,11,-43,47,40,60,89,112,-9999,-9999,-9999,-9999,-9999,-9999,-9999,-9999,-9999,-9999
GHCND:USW00024233,SEATTLE TACOMA INTERNATIONAL AIRPORT WA US,20131207,0,0,0,0,-71,31,350,360,54,72,-9999,-9999,-9999,-9999,-9999,-9999,-9999,-9999,-9999,-9999
GHCND:USW00024233,SEATTLE TACOMA INTERNATIONAL AIRPORT WA US,20131208,0,0,0,22,-66,22,10,130,40,45,-9999,-9999,-9999,-9999,-9999,-9999,-9999,-9999,-9999,-9999
GHCND:USW00024233,SEATTLE TACOMA INTERNATIONAL AIRPORT WA US,20131209,0,0,0,11,-49,13,140,140,40,54,-9999,-9999,-9999,-9999,-9999,-9999,-9999,-9999,-9999,-9999
GHCND:USW00024233,SEATTLE TACOMA INTERNATIONAL AIRPORT WA US,20131210,0,0,0,56,6,15,160,160,36,45,-9999,-9999,-9999,-9999,-9999,-9999,-9999,-9999,-9999,-9999
GHCND:USW00024233,SEATTLE TACOMA INTERNATIONAL AIRPORT WA US,20131211,0,0,0,50,-16,8,130,100,31,40,-9999,-9999,-9999,-9999,-9999,-9999,-9999,-9999,-9999,-9999
GHCND:USW00024233,SEATTLE TACOMA INTERNATIONAL AIRPORT WA US,20131212,69,0,0,56,-5,23,180,190,63,76,-9999,-9999,-9999,-9999,-9999,-9999,-9999,-9999,-9999,-9999
GHCND:USW00024233,SEATTLE TACOMA INTERNATIONAL AIRPORT WA US,20131213,5,0,0,94,56,29,120,200,58,72,-9999,1,-9999,-9999,-9999,-9999,-9999,-9999,-9999,-9999
GHCND:USW00024233,SEATTLE TACOMA INTERNATIONAL AIRPORT WA US,20131214,0,0,0,94,61,37,210,220,81,112,-9999,-9999,-9999,-9999,-9999,-9999,-9999,-9999,-9999,-9999
GHCND:USW00024233,SEATTLE TACOMA INTERNATIONAL AIRPORT WA US,20131215,13,0,0,117,83,39,210,210,76,98,-9999,1,-9999,-9999,-9999,-9999,-9999,-9999,-9999,-9999
GHCND:USW00024233,SEATTLE TACOMA INTERNATIONAL AIRPORT WA US,20131216,3,0,0,100,44,10,140,30,31,36,-9999,-9999,-9999,-9999,-9999,-9999,-9999,-9999,-9999,-9999
GHCND:USW00024233,SEATTLE TACOMA INTERNATIONAL AIRPORT WA US,20131217,0,0,0,83,44,27,220,240,76,98,-9999,-9999,-9999,-9999,-9999,-9999,-9999,-9999,-9999,-9999
GHCND:USW00024233,SEATTLE TACOMA INTERNATIONAL AIRPORT WA US,20131218,13,0,0,78,22,28,20,10,72,89,-9999,1,-9999,-9999,-9999,-9999,-9999,-9999,-9999,-9999
GHCND:USW00024233,SEATTLE TACOMA INTERNATIONAL AIRPORT WA US,20131219,0,0,0,50,0,21,330,330,67,89,-9999,-9999,-9999,-9999,-9999,-9999,-9999,-9999,-9999,-9999
GHCND:USW00024233,SEATTLE TACOMA INTERNATIONAL AIRPORT WA US,20131220,56,0,28,83,6,37,210,210,130,165,-9999,1,-9999,-9999,-9999,-9999,-9999,-9999,-9999,-9999
GHCND:USW00024233,SEATTLE TACOMA INTERNATIONAL AIRPORT WA US,20131221,56,0,0,89,56,23,200,200,58,76,-9999,1,-9999,-9999,-9999,-9999,-9999,-9999,-9999,-9999
GHCND:USW00024233,SEATTLE TACOMA INTERNATIONAL AIRPORT WA US,20131222,107,0,0,106,83,40,190,220,72,89,-9999,1,-9999,-9999,-9999,-9999,-9999,-9999,-9999,-9999
GHCND:USW00024233,SEATTLE TACOMA INTERNATIONAL AIRPORT WA US,20131223,15,0,0,117,61,59,230,200,130,170,-9999,1,-9999,-9999,-9999,-9999,-9999,-9999,-9999,-9999
GHCND:USW00024233,SEATTLE TACOMA INTERNATIONAL AIRPORT WA US,20131224,0,0,0,83,28,17,20,40,40,58,-9999,-9999,-9999,-9999,-9999,-9999,-9999,-9999,-9999,-9999
GHCND:USW00024233,SEATTLE TACOMA INTERNATIONAL AIRPORT WA US,20131225,0,0,0,67,17,8,150,150,36,40,-9999,-9999,-9999,-9999,-9999,-9999,-9999,-9999,-9999,-9999
GHCND:USW00024233,SEATTLE TACOMA INTERNATIONAL AIRPORT WA US,20131226,0,0,0,67,6,5,150,150,36,36,-9999,-9999,-9999,-9999,-9999,-9999,-9999,-9999,-9999,-9999
GHCND:USW00024233,SEATTLE TACOMA INTERNATIONAL AIRPORT WA US,20131227,3,0,0,89,0,21,210,200,103,125,-9999,1,-9999,-9999,-9999,-9999,-9999,-9999,-9999,-9999
GHCND:USW00024233,SEATTLE TACOMA INTERNATIONAL AIRPORT WA US,20131228,0,0,0,94,33,13,30,30,31,40,-9999,-9999,-9999,-9999,-9999,-9999,-9999,-9999,-9999,-9999
GHCND:USW00024233,SEATTLE TACOMA INTERNATIONAL AIRPORT WA US,20131229,0,0,0,72,17,11,150,130,31,45,-9999,-9999,-9999,-9999,-9999,-9999,-9999,-9999,-9999,-9999
GHCND:USW00024233,SEATTLE TACOMA INTERNATIONAL AIRPORT WA US,20131230,3,0,0,89,44,26,100,90,98,116,-9999,-9999,-9999,-9999,-9999,-9999,-9999,-9999,-9999,-9999
GHCND:USW00024233,SEATTLE TACOMA INTERNATIONAL AIRPORT WA US,20131231,5,0,0,83,50,17,180,170,54,67,-9999,-9999,-9999,-9999,-9999,-9999,-9999,-9999,-9999,-9999
GHCND:USW00024233,SEATTLE TACOMA INTERNATIONAL AIRPORT WA US,20140101,0,0,0,72,33,12,340,310,36,40,-9999,-9999,-9999,-9999,-9999,-9999,-9999,-9999,-9999,-9999
GHCND:USW00024233,SEATTLE TACOMA INTERNATIONAL AIRPORT WA US,20140102,41,0,0,106,61,32,190,200,94,116,-9999,-9999,-9999,-9999,-9999,-9999,-9999,-9999,-9999,-9999
GHCND:USW00024233,SEATTLE TACOMA INTERNATIONAL AIRPORT WA US,20140103,15,0,0,89,28,26,30,50,63,72,-9999,1,-9999,-9999,-9999,-9999,-9999,-9999,-9999,-9999
GHCND:USW00024233,SEATTLE TACOMA INTERNATIONAL AIRPORT WA US,20140104,0,0,0,78,6,27,40,40,45,58,-9999,1,-9999,-9999,-9999,-9999,-9999,-9999,-9999,-9999
GHCND:USW00024233,SEATTLE TACOMA INTERNATIONAL AIRPORT WA US,20140105,0,0,0,83,-5,37,10,10,67,76,-9999,-9999,-9999,-9999,-9999,-9999,-9999,-9999,-9999,-9999
GHCND:USW00024233,SEATTLE TACOMA INTERNATIONAL AIRPORT WA US,20140106,3,0,0,78,-5,26,210,210,112,125,-9999,1,-9999,-9999,-9999,-9999,-9999,-9999,-9999,-9999
GHCND:USW00024233,SEATTLE TACOMA INTERNATIONAL AIRPORT WA US,20140107,122,0,0,83,50,16,160,150,45,54,-9999,-9999,-9999,-9999,-9999,-9999,-9999,-9999,-9999,-9999
GHCND:USW00024233,SEATTLE TACOMA INTERNATIONAL AIRPORT WA US,20140108,97,0,0,100,72,46,180,180,107,143,-9999,1,-9999,-9999,-9999,-9999,-9999,-9999,-9999,-9999
GHCND:USW00024233,SEATTLE TACOMA INTERNATIONAL AIRPORT WA US,20140109,58,0,0,94,56,63,210,230,143,183,-9999,1,-9999,-9999,-9999,-9999,-9999,-9999,-9999,-9999
GHCND:USW00024233,SEATTLE TACOMA INTERNATIONAL AIRPORT WA US,20140110,43,0,0,128,83,70,200,200,134,183,-9999,-9999,-9999,-9999,-9999,-9999,-9999,-9999,-9999,-9999
GHCND:USW00024233,SEATTLE TACOMA INTERNATIONAL AIRPORT WA US,20140111,213,0,0,144,72,88,210,200,183,250,-9999,1,-9999,-9999,-9999,-9999,-9999,-9999,-9999,-9999
GHCND:USW00024233,SEATTLE TACOMA INTERNATIONAL AIRPORT WA US,20140112,15,0,0,111,56,81,200,210,134,174,-9999,1,-9999,-9999,-9999,-9999,-9999,-9999,-9999,-9999
GHCND:USW00024233,SEATTLE TACOMA INTERNATIONAL AIRPORT WA US,20140113,0,0,0,106,100,71,200,210,148,201,-9999,-9999,-9999,-9999,-9999,-9999,-9999,-9999,-9999,-9999
GHCND:USW00024233,SEATTLE TACOMA INTERNATIONAL AIRPORT WA US,20140114,0,0,0,111,72,13,180,180,58,72,-9999,-9999,-9999,-9999,-9999,-9999,-9999,-9999,-9999,-9999
GHCND:USW00024233,SEATTLE TACOMA INTERNATIONAL AIRPORT WA US,20140115,0,0,0,111,56,25,20,10,58,67,-9999,-9999,-9999,-9999,-9999,-9999,-9999,-9999,-9999,-9999
GHCND:USW00024233,SEATTLE TACOMA INTERNATIONAL AIRPORT WA US,20140116,0,0,0,67,44,27,30,30,63,67,-9999,-9999,-9999,-9999,-9999,-9999,-9999,-9999,-9999,-9999
GHCND:USW00024233,SEATTLE TACOMA INTERNATIONAL AIRPORT WA US,20140117,0,0,0,56,28,23,30,10,45,58,-9999,-9999,-9999,-9999,-9999,-9999,-9999,-9999,-9999,-9999
GHCND:USW00024233,SEATTLE TACOMA INTERNATIONAL AIRPORT WA US,20140118,0,0,0,94,6,22,120,120,63,67,-9999,-9999,-9999,-9999,-9999,-9999,-9999,-9999,-9999,-9999
GHCND:USW00024233,SEATTLE TACOMA INTERNATIONAL AIRPORT WA US,20140119,0,0,0,61,33,25,30,-9999,40,-9999,-9999,-9999,-9999,-9999,-9999,-9999,-9999,-9999,-9999,-9999
GHCND:USW00024233,SEATTLE TACOMA INTERNATIONAL AIRPORT WA US,20140120,0,0,0,100,28,22,20,10,54,63,-9999,-9999,-9999,-9999,-9999,-9999,-9999,-9999,-9999,-9999
GHCND:USW00024233,SEATTLE TACOMA INTERNATIONAL AIRPORT WA US,20140121,0,0,0,100,17,15,240,240,72,94,-9999,-9999,-9999,-9999,-9999,-9999,-9999,-9999,-9999,-9999
GHCND:USW00024233,SEATTLE TACOMA INTERNATIONAL AIRPORT WA US,20140122,5,0,0,94,56,26,40,40,72,98,-9999,-9999,-9999,-9999,-9999,-9999,-9999,-9999,-9999,-9999
GHCND:USW00024233,SEATTLE TACOMA INTERNATIONAL AIRPORT WA US,20140123,0,0,0,100,28,52,20,20,103,125,-9999,1,-9999,-9999,-9999,-9999,-9999,-9999,-9999,-9999
GHCND:USW00024233,SEATTLE TACOMA INTERNATIONAL AIRPORT WA US,20140124,0,0,0,128,11,19,10,10,45,58,-9999,-9999,-9999,-9999,-9999,-9999,-9999,-9999,-9999,-9999
GHCND:USW00024233,SEATTLE TACOMA INTERNATIONAL AIRPORT WA US,20140125,0,0,0,122,11,8,110,120,45,54,-9999,-9999,-9999,-9999,-9999,-9999,-9999,-9999,-9999,-9999
GHCND:USW00024233,SEATTLE TACOMA INTERNATIONAL AIRPORT WA US,20140126,0,0,0,83,6,13,270,270,36,40,-9999,-9999,-9999,-9999,-9999,-9999,-9999,-9999,-9999,-9999
GHCND:USW00024233,SEATTLE TACOMA INTERNATIONAL AIRPORT WA US,20140127,0,0,0,94,17,13,130,130,40,54,-9999,-9999,-9999,-9999,-9999,-9999,-9999,-9999,-9999,-9999
GHCND:USW00024233,SEATTLE TACOMA INTERNATIONAL AIRPORT WA US,20140128,89,0,0,111,61,16,40,40,40,54,-9999,1,-9999,-9999,-9999,-9999,-9999,-9999,-9999,-9999
GHCND:USW00024233,SEATTLE TACOMA INTERNATIONAL AIRPORT WA US,20140129,216,0,0,111,72,34,210,200,89,112,-9999,1,-9999,-9999,-9999,-9999,-9999,-9999,-9999,-9999
GHCND:USW00024233,SEATTLE TACOMA INTERNATIONAL AIRPORT WA US,20140130,0,0,0,83,61,64,210,210,103,139,-9999,-9999,-9999,-9999,-9999,-9999,-9999,-9999,-9999,-9999
GHCND:USW00024233,SEATTLE TACOMA INTERNATIONAL AIRPORT WA US,20140131,23,0,0,78,56,26,200,200,67,81,-9999,1,-9999,-9999,-9999,-9999,-9999,-9999,-9999,-9999
GHCND:USW00024233,SEATTLE TACOMA INTERNATIONAL AIRPORT WA US,20140201,20,0,0,78,28,8,30,280,40,54,-9999,-9999,-9999,-9999,-9999,-9999,-9999,-9999,-9999,-9999
GHCND:USW00024233,SEATTLE TACOMA INTERNATIONAL AIRPORT WA US,20140202,0,0,0,89,11,25,330,350,72,94,-9999,-9999,-9999,-9999,-9999,-9999,-9999,-9999,-9999,-9999
GHCND:USW00024233,SEATTLE TACOMA INTERNATIONAL AIRPORT WA US,20140203,0,0,0,50,0,43,350,340,98,130,-9999,-9999,-9999,-9999,-9999,-9999,-9999,-9999,-9999,-9999
GHCND:USW00024233,SEATTLE TACOMA INTERNATIONAL AIRPORT WA US,20140204,0,0,0,28,-21,47,80,90,89,112,-9999,-9999,-9999,-9999,-9999,-9999,-9999,-9999,-9999,-9999
GHCND:USW00024233,SEATTLE TACOMA INTERNATIONAL AIRPORT WA US,20140205,0,0,0,-5,-55,66,80,180,103,174,-9999,-9999,-9999,-9999,-9999,-9999,-9999,-9999,-9999,-9999
GHCND:USW00024233,SEATTLE TACOMA INTERNATIONAL AIRPORT WA US,20140206,0,0,0,-16,-60,45,70,80,81,103,-9999,-9999,-9999,-9999,-9999,-9999,-9999,-9999,-9999,-9999
GHCND:USW00024233,SEATTLE TACOMA INTERNATIONAL AIRPORT WA US,20140207,0,0,0,33,-49,42,10,10,98,112,-9999,-9999,-9999,-9999,-9999,-9999,-9999,-9999,-9999,-9999
GHCND:USW00024233,SEATTLE TACOMA INTERNATIONAL AIRPORT WA US,20140208,51,0,74,56,-5,46,110,110,116,148,-9999,1,-9999,-9999,-9999,-9999,-9999,-9999,-9999,-9999
GHCND:USW00024233,SEATTLE TACOMA INTERNATIONAL AIRPORT WA US,20140209,5,80,0,39,0,24,150,150,58,67,-9999,1,-9999,-9999,-9999,-9999,-9999,-9999,-9999,-9999
GHCND:USW00024233,SEATTLE TACOMA INTERNATIONAL AIRPORT WA US,20140210,183,0,0,100,22,47,210,200,103,134,-9999,1,-9999,-9999,-9999,-9999,-9999,-9999,-9999,-9999
GHCND:USW00024233,SEATTLE TACOMA INTERNATIONAL AIRPORT WA US,20140211,170,0,0,122,56,38,160,160,94,107,-9999,1,-9999,-9999,-9999,-9999,-9999,-9999,-9999,-9999
GHCND:USW00024233,SEATTLE TACOMA INTERNATIONAL AIRPORT WA US,20140212,46,0,0,122,72,64,220,210,157,219,-9999,1,-9999,-9999,-9999,-9999,-9999,-9999,-9999,-9999
GHCND:USW00024233,SEATTLE TACOMA INTERNATIONAL AIRPORT WA US,20140213,18,0,0,128,78,63,220,220,125,174,-9999,1,-9999,-9999,-9999,-9999,-9999,-9999,-9999,-9999
GHCND:USW00024233,SEATTLE TACOMA INTERNATIONAL AIRPORT WA US,20140214,94,0,0,117,61,64,200,220,112,139,-9999,1,-9999,-9999,-9999,-9999,-9999,-9999,-9999,-9999
GHCND:USW00024233,SEATTLE TACOMA INTERNATIONAL AIRPORT WA US,20140215,117,0,0,111,50,51,210,220,161,233,-9999,1,-9999,-9999,-9999,-9999,-9999,-9999,-9999,-9999
GHCND:USW00024233,SEATTLE TACOMA INTERNATIONAL AIRPORT WA US,20140216,264,0,0,94,39,79,230,220,130,183,-9999,1,-9999,-9999,-9999,-9999,-9999,-9999,-9999,-9999
GHCND:USW00024233,SEATTLE TACOMA INTERNATIONAL AIRPORT WA US,20140217,145,0,0,83,44,55,220,220,103,134,-9999,1,-9999,-9999,-9999,-9999,-9999,-9999,-9999,-9999
GHCND:USW00024233,SEATTLE TACOMA INTERNATIONAL AIRPORT WA US,20140218,152,0,0,89,50,62,220,220,143,183,-9999,1,-9999,-9999,-9999,-9999,-9999,-9999,-9999,-9999
GHCND:USW00024233,SEATTLE TACOMA INTERNATIONAL AIRPORT WA US,20140219,10,0,0,83,39,60,210,210,94,125,-9999,-9999,-9999,-9999,-9999,-9999,-9999,-9999,-9999,-9999
GHCND:USW00024233,SEATTLE TACOMA INTERNATIONAL AIRPORT WA US,20140220,30,0,0,100,56,69,220,210,134,170,-9999,1,-9999,-9999,-9999,-9999,-9999,-9999,-9999,-9999
GHCND:USW00024233,SEATTLE TACOMA INTERNATIONAL AIRPORT WA US,20140221,28,0,0,67,39,29,240,230,67,94,-9999,1,-9999,-9999,-9999,-9999,-9999,-9999,-9999,-9999
GHCND:USW00024233,SEATTLE TACOMA INTERNATIONAL AIRPORT WA US,20140222,25,0,0,56,28,31,160,130,58,76,-9999,1,-9999,-9999,-9999,-9999,-9999,-9999,-9999,-9999
GHCND:USW00024233,SEATTLE TACOMA INTERNATIONAL AIRPORT WA US,20140223,61,0,0,72,39,26,170,180,58,67,-9999,1,-9999,-9999,-9999,-9999,-9999,-9999,-9999,-9999
GHCND:USW00024233,SEATTLE TACOMA INTERNATIONAL AIRPORT WA US,20140224,130,0,0,67,33,32,10,10,54,63,-9999,1,-9999,-9999,-9999,-9999,-9999,-9999,-9999,-9999
GHCND:USW00024233,SEATTLE TACOMA INTERNATIONAL AIRPORT WA US,20140225,3,0,0,122,39,45,10,80,72,81,-9999,1,-9999,-9999,-9999,-9999,-9999,-9999,-9999,-9999
GHCND:USW00024233,SEATTLE TACOMA INTERNATIONAL AIRPORT WA US,20140226,0,0,0,139,56,25,30,90,54,67,-9999,-9999,-9999,-9999,-9999,-9999,-9999,-9999,-9999,-9999
GHCND:USW00024233,SEATTLE TACOMA INTERNATIONAL AIRPORT WA US,20140227,0,0,0,128,44,23,10,10,63,67,-9999,-9999,-9999,-9999,-9999,-9999,-9999,-9999,-9999,-9999
GHCND:USW00024233,SEATTLE TACOMA INTERNATIONAL AIRPORT WA US,20140228,0,0,0,144,44,59,20,10,107,134,-9999,-9999,-9999,-9999,-9999,-9999,-9999,-9999,-9999,-9999
GHCND:USW00024233,SEATTLE TACOMA INTERNATIONAL AIRPORT WA US,20140301,5,0,0,72,44,47,110,120,76,94,-9999,-9999,-9999,-9999,-9999,-9999,-9999,-9999,-9999,-9999
GHCND:USW00024233,SEATTLE TACOMA INTERNATIONAL AIRPORT WA US,20140302,191,0,0,111,28,57,210,180,107,139,-9999,1,-9999,-9999,-9999,-9999,-9999,-9999,-9999,-9999
GHCND:USW00024233,SEATTLE TACOMA INTERNATIONAL AIRPORT WA US,20140303,107,0,0,144,89,51,200,240,89,134,-9999,1,-9999,-9999,-9999,-9999,-9999,-9999,-9999,-9999
GHCND:USW00024233,SEATTLE TACOMA INTERNATIONAL AIRPORT WA US,20140304,165,0,0,139,78,39,200,210,89,116,-9999,1,-9999,-9999,-9999,-9999,-9999,-9999,-9999,-9999
GHCND:USW00024233,SEATTLE TACOMA INTERNATIONAL AIRPORT WA US,20140305,467,0,0,156,106,39,190,200,112,157,-9999,1,-9999,-9999,-9999,-9999,-9999,-9999,-9999,-9999
GHCND:USW00024233,SEATTLE TACOMA INTERNATIONAL AIRPORT WA US,20140306,30,0,0,133,100,62,220,220,125,174,-9999,1,-9999,-9999,-9999,-9999,-9999,-9999,-9999,-9999
GHCND:USW00024233,SEATTLE TACOMA INTERNATIONAL AIRPORT WA US,20140307,0,0,0,156,89,42,220,210,94,116,-9999,-9999,-9999,-9999,-9999,-9999,-9999,-9999,-9999,-9999
GHCND:USW00024233,SEATTLE TACOMA INTERNATIONAL AIRPORT WA US,20140308,323,0,0,128,67,27,200,210,76,103,-9999,1,-9999,-9999,-9999,-9999,-9999,-9999,-9999,-9999
GHCND:USW00024233,SEATTLE TACOMA INTERNATIONAL AIRPORT WA US,20140309,43,0,0,150,94,43,210,220,76,112,-9999,1,-9999,-9999,-9999,-9999,-9999,-9999,-9999,-9999
GHCND:USW00024233,SEATTLE TACOMA INTERNATIONAL AIRPORT WA US,20140310,188,0,0,122,61,22,210,200,54,67,-9999,1,-9999,-9999,-9999,-9999,-9999,-9999,-9999,-9999
GHCND:USW00024233,SEATTLE TACOMA INTERNATIONAL AIRPORT WA US,20140311,0,0,0,144,44,23,20,30,54,63,-9999,1,-9999,-9999,-9999,-9999,-9999,-9999,-9999,-9999
GHCND:USW00024233,SEATTLE TACOMA INTERNATIONAL AIRPORT WA US,20140312,0,0,0,161,33,19,10,20,67,81,-9999,1,-9999,-9999,-9999,-9999,-9999,-9999,-9999,-9999
GHCND:USW00024233,SEATTLE TACOMA INTERNATIONAL AIRPORT WA US,20140313,5,0,0,139,50,25,230,220,58,76,-9999,1,-9999,-9999,-9999,-9999,-9999,-9999,-9999,-9999
GHCND:USW00024233,SEATTLE TACOMA INTERNATIONAL AIRPORT WA US,20140314,69,0,0,144,83,61,220,200,107,143,-9999,1,-9999,-9999,-9999,-9999,-9999,-9999,-9999,-9999
GHCND:USW00024233,SEATTLE TACOMA INTERNATIONAL AIRPORT WA US,20140315,81,0,0,167,44,30,200,210,76,103,-9999,1,-9999,-9999,-9999,-9999,-9999,-9999,-9999,-9999
GHCND:USW00024233,SEATTLE TACOMA INTERNATIONAL AIRPORT WA US,20140316,277,0,0,106,44,38,230,240,76,103,-9999,1,-9999,-9999,-9999,-9999,-9999,-9999,-9999,-9999
GHCND:USW00024233,SEATTLE TACOMA INTERNATIONAL AIRPORT WA US,20140317,3,0,0,100,28,32,190,90,89,143,-9999,1,-9999,-9999,-9999,-9999,-9999,-9999,-9999,-9999
GHCND:USW00024233,SEATTLE TACOMA INTERNATIONAL AIRPORT WA US,20140318,0,0,0,100,33,16,140,100,45,58,-9999,-9999,-9999,-9999,-9999,-9999,-9999,-9999,-9999,-9999
GHCND:USW00024233,SEATTLE TACOMA INTERNATIONAL AIRPORT WA US,20140319,5,0,0,111,33,51,200,200,107,143,-9999,-9999,-9999,-9999,-9999,-9999,-9999,-9999,-9999,-9999
GHCND:USW00024233,SEATTLE TACOMA INTERNATIONAL AIRPORT WA US,20140320,0,0,0,111,17,30,30,40,72,81,-9999,-9999,-9999,-9999,-9999,-9999,-9999,-9999,-9999,-9999
GHCND:USW00024233,SEATTLE TACOMA INTERNATIONAL AIRPORT WA US,20140321,0,0,0,106,28,38,340,340,67,94,-9999,-9999,-9999,-9999,-9999,-9999,-9999,-9999,-9999,-9999
GHCND:USW00024233,SEATTLE TACOMA INTERNATIONAL AIRPORT WA US,20140322,0,0,0,111,11,18,330,120,40,58,-9999,-9999,-9999,-9999,-9999,-9999,-9999,-9999,-9999,-9999
GHCND:USW00024233,SEATTLE TACOMA INTERNATIONAL AIRPORT WA US,20140323,0,0,0,128,44,33,30,290,49,72,-9999,-9999,-9999,-9999,-9999,-9999,-9999,-9999,-9999,-9999
GHCND:USW00024233,SEATTLE TACOMA INTERNATIONAL AIRPORT WA US,20140324,0,0,0,189,28,22,160,170,40,45,-9999,-9999,-9999,-9999,-9999,-9999,-9999,-9999,-9999,-9999
GHCND:USW00024233,SEATTLE TACOMA INTERNATIONAL AIRPORT WA US,20140325,41,0,0,139,67,44,200,190,134,192,-9999,1,-9999,-9999,-9999,-9999,-9999,-9999,-9999,-9999
GHCND:USW00024233,SEATTLE TACOMA INTERNATIONAL AIRPORT WA US,20140326,36,0,0,111,56,24,190,210,54,76,-9999,1,-9999,-9999,-9999,-9999,-9999,-9999,-9999,-9999
GHCND:USW00024233,SEATTLE TACOMA INTERNATIONAL AIRPORT WA US,20140327,3,0,0,122,67,28,320,330,103,134,-9999,1,-9999,-9999,-9999,-9999,-9999,-9999,-9999,-9999
GHCND:USW00024233,SEATTLE TACOMA INTERNATIONAL AIRPORT WA US,20140328,221,0,0,117,72,39,240,210,89,107,-9999,1,-9999,-9999,-9999,-9999,-9999,-9999,-9999,-9999
GHCND:USW00024233,SEATTLE TACOMA INTERNATIONAL AIRPORT WA US,20140329,140,0,0,117,72,51,190,190,94,139,-9999,1,-9999,-9999,-9999,-9999,-9999,-9999,-9999,-9999
GHCND:USW00024233,SEATTLE TACOMA INTERNATIONAL AIRPORT WA US,20140330,0,0,0,111,50,51,190,180,103,125,-9999,-9999,-9999,-9999,-9999,-9999,-9999,-9999,-9999,-9999
GHCND:USW00024233,SEATTLE TACOMA INTERNATIONAL AIRPORT WA US,20140331,0,0,0,156,22,38,360,220,72,94,-9999,-9999,-9999,-9999,-9999,-9999,-9999,-9999,-9999,-9999
GHCND:USW00024233,SEATTLE TACOMA INTERNATIONAL AIRPORT WA US,20140401,0,0,0,144,67,28,20,10,58,67,-9999,-9999,-9999,-9999,-9999,-9999,-9999,-9999,-9999,-9999
GHCND:USW00024233,SEATTLE TACOMA INTERNATIONAL AIRPORT WA US,20140402,0,0,0,144,56,42,210,200,72,103,-9999,-9999,-9999,-9999,-9999,-9999,-9999,-9999,-9999,-9999
GHCND:USW00024233,SEATTLE TACOMA INTERNATIONAL AIRPORT WA US,20140403,25,0,0,133,61,39,220,220,89,116,-9999,-9999,-9999,-9999,-9999,-9999,-9999,-9999,-9999,-9999
GHCND:USW00024233,SEATTLE TACOMA INTERNATIONAL AIRPORT WA US,20140404,0,0,0,128,61,47,210,220,89,107,-9999,-9999,-9999,-9999,-9999,-9999,-9999,-9999,-9999,-9999
GHCND:USW00024233,SEATTLE TACOMA INTERNATIONAL AIRPORT WA US,20140405,46,0,0,117,78,43,210,230,98,130,-9999,1,-9999,-9999,-9999,-9999,-9999,-9999,-9999,-9999
GHCND:USW00024233,SEATTLE TACOMA INTERNATIONAL AIRPORT WA US,20140406,0,0,0,139,83,26,220,220,72,107,-9999,-9999,-9999,-9999,-9999,-9999,-9999,-9999,-9999,-9999
GHCND:USW00024233,SEATTLE TACOMA INTERNATIONAL AIRPORT WA US,20140407,0,0,0,211,94,25,200,320,63,98,-9999,-9999,-9999,-9999,-9999,-9999,-9999,-9999,-9999,-9999
GHCND:USW00024233,SEATTLE TACOMA INTERNATIONAL AIRPORT WA US,20140408,46,0,0,156,83,42,40,40,81,98,-9999,1,-9999,-9999,-9999,-9999,-9999,-9999,-9999,-9999
GHCND:USW00024233,SEATTLE TACOMA INTERNATIONAL AIRPORT WA US,20140409,0,0,0,144,67,29,30,30,67,81,-9999,-9999,-9999,-9999,-9999,-9999,-9999,-9999,-9999,-9999
GHCND:USW00024233,SEATTLE TACOMA INTERNATIONAL AIRPORT WA US,20140410,0,0,0,150,67,36,30,30,63,72,-9999,-9999,-9999,-9999,-9999,-9999,-9999,-9999,-9999,-9999
GHCND:USW00024233,SEATTLE TACOMA INTERNATIONAL AIRPORT WA US,20140411,0,0,0,172,50,28,330,340,125,161,-9999,-9999,-9999,-9999,-9999,-9999,-9999,-9999,-9999,-9999
GHCND:USW00024233,SEATTLE TACOMA INTERNATIONAL AIRPORT WA US,20140412,0,0,0,161,78,44,-9999,-9999,-9999,-9999,-9999,-9999,-9999,-9999,-9999,-9999,-9999,-9999,-9999,-9999
GHCND:USW00024233,SEATTLE TACOMA INTERNATIONAL AIRPORT WA US,20140413,0,0,0,206,56,31,300,290,67,81,-9999,-9999,-9999,-9999,-9999,-9999,-9999,-9999,-9999,-9999
GHCND:USW00024233,SEATTLE TACOMA INTERNATIONAL AIRPORT WA US,20140414,0,0,0,200,56,26,220,280,76,116,-9999,-9999,-9999,-9999,-9999,-9999,-9999,-9999,-9999,-9999
GHCND:USW00024233,SEATTLE TACOMA INTERNATIONAL AIRPORT WA US,20140415,5,0,0,144,78,40,210,220,76,98,-9999,-9999,-9999,-9999,-9999,-9999,-9999,-9999,-9999,-9999
GHCND:USW00024233,SEATTLE TACOMA INTERNATIONAL AIRPORT WA US,20140416,109,0,0,111,89,46,190,210,72,94,-9999,1,-9999,-9999,-9999,-9999,-9999,-9999,-9999,-9999
GHCND:USW00024233,SEATTLE TACOMA INTERNATIONAL AIRPORT WA US,20140417,185,0,0,117,72,47,220,230,103,130,-9999,1,-9999,-9999,-9999,-9999,-9999,-9999,-9999,-9999
GHCND:USW00024233,SEATTLE TACOMA INTERNATIONAL AIRPORT WA US,20140418,0,0,0,144,56,38,210,310,76,170,-9999,-9999,-9999,-9999,-9999,-9999,-9999,-9999,-9999,-9999
GHCND:USW00024233,SEATTLE TACOMA INTERNATIONAL AIRPORT WA US,20140419,137,0,0,117,56,47,210,230,103,139,-9999,1,-9999,-9999,-9999,-9999,-9999,-9999,-9999,-9999
GHCND:USW00024233,SEATTLE TACOMA INTERNATIONAL AIRPORT WA US,20140420,0,0,0,156,56,27,200,210,94,112,-9999,-9999,-9999,-9999,-9999,-9999,-9999,-9999,-9999,-9999
GHCND:USW00024233,SEATTLE TACOMA INTERNATIONAL AIRPORT WA US,20140421,51,0,0,172,78,25,340,40,63,161,-9999,1,-9999,-9999,-9999,-9999,-9999,-9999,-9999,-9999
GHCND:USW00024233,SEATTLE TACOMA INTERNATIONAL AIRPORT WA US,20140422,142,0,0,122,50,42,260,250,98,130,-9999,1,-9999,-9999,-9999,-9999,-9999,-9999,-9999,-9999
GHCND:USW00024233,SEATTLE TACOMA INTERNATIONAL AIRPORT WA US,20140423,89,0,0,117,61,50,280,320,81,143,-9999,1,-9999,-9999,-9999,-9999,-9999,-9999,-9999,-9999
GHCND:USW00024233,SEATTLE TACOMA INTERNATIONAL AIRPORT WA US,20140424,124,0,0,139,61,53,200,210,116,161,-9999,1,-9999,-9999,-9999,-9999,-9999,-9999,-9999,-9999
GHCND:USW00024233,SEATTLE TACOMA INTERNATIONAL AIRPORT WA US,20140425,0,0,0,144,56,23,320,290,63,76,-9999,-9999,-9999,-9999,-9999,-9999,-9999,-9999,-9999,-9999
GHCND:USW00024233,SEATTLE TACOMA INTERNATIONAL AIRPORT WA US,20140426,33,0,0,150,56,-9999,-9999,-9999,-9999,-9999,-9999,-9999,-9999,-9999,-9999,-9999,-9999,-9999,-9999,-9999
GHCND:USW00024233,SEATTLE TACOMA INTERNATIONAL AIRPORT WA US,20140427,69,0,0,111,61,58,200,200,98,112,-9999,1,-9999,-9999,-9999,-9999,-9999,-9999,-9999,-9999
GHCND:USW00024233,SEATTLE TACOMA INTERNATIONAL AIRPORT WA US,20140428,0,0,0,161,44,26,280,280,58,72,-9999,-9999,-9999,-9999,-9999,-9999,-9999,-9999,-9999,-9999
GHCND:USW00024233,SEATTLE TACOMA INTERNATIONAL AIRPORT WA US,20140429,0,0,0,250,94,23,100,90,67,89,-9999,-9999,-9999,-9999,-9999,-9999,-9999,-9999,-9999,-9999
GHCND:USW00024233,SEATTLE TACOMA INTERNATIONAL AIRPORT WA US,20140430,0,0,0,278,94,39,350,10,76,89,-9999,-9999,-9999,-9999,-9999,-9999,-9999,-9999,-9999,-9999
GHCND:USW00024233,SEATTLE TACOMA INTERNATIONAL AIRPORT WA US,20140501,0,0,0,294,111,30,240,240,58,81,-9999,-9999,-9999,-9999,-9999,-9999,-9999,-9999,-9999,-9999
GHCND:USW00024233,SEATTLE TACOMA INTERNATIONAL AIRPORT WA US,20140502,0,0,0,183,106,47,220,230,81,103,-9999,-9999,-9999,-9999,-9999,-9999,-9999,-9999,-9999,-9999
GHCND:USW00024233,SEATTLE TACOMA INTERNATIONAL AIRPORT WA US,20140503,333,0,0,150,89,34,210,200,98,130,-9999,1,-9999,-9999,-9999,-9999,-9999,-9999,-9999,-9999
GHCND:USW00024233,SEATTLE TACOMA INTERNATIONAL AIRPORT WA US,20140504,160,0,0,144,89,42,190,200,89,112,-9999,1,-9999,-9999,-9999,-9999,-9999,-9999,-9999,-9999
GHCND:USW00024233,SEATTLE TACOMA INTERNATIONAL AIRPORT WA US,20140505,51,0,0,156,94,38,220,230,72,98,-9999,1,-9999,-9999,-9999,-9999,-9999,-9999,-9999,-9999
GHCND:USW00024233,SEATTLE TACOMA INTERNATIONAL AIRPORT WA US,20140506,0,0,0,167,83,26,220,250,58,72,-9999,-9999,-9999,-9999,-9999,-9999,-9999,-9999,-9999,-9999
GHCND:USW00024233,SEATTLE TACOMA INTERNATIONAL AIRPORT WA US,20140507,0,0,0,183,72,17,240,250,58,72,-9999,-9999,-9999,-9999,-9999,-9999,-9999,-9999,-9999,-9999
GHCND:USW00024233,SEATTLE TACOMA INTERNATIONAL AIRPORT WA US,20140508,137,0,0,139,94,34,200,200,89,116,-9999,1,-9999,-9999,-9999,-9999,-9999,-9999,-9999,-9999
GHCND:USW00024233,SEATTLE TACOMA INTERNATIONAL AIRPORT WA US,20140509,20,0,0,133,72,56,210,220,98,130,-9999,-9999,-9999,-9999,-9999,-9999,-9999,-9999,-9999,-9999
GHCND:USW00024233,SEATTLE TACOMA INTERNATIONAL AIRPORT WA US,20140510,5,0,0,156,72,21,270,240,40,81,-9999,1,-9999,-9999,-9999,-9999,-9999,-9999,-9999,-9999
GHCND:USW00024233,SEATTLE TACOMA INTERNATIONAL AIRPORT WA US,20140511,0,0,0,189,83,17,200,200,116,116,-9999,-9999,-9999,-9999,-9999,-9999,-9999,-9999,-9999,-9999
GHCND:USW00024233,SEATTLE TACOMA INTERNATIONAL AIRPORT WA US,20140512,0,0,0,244,94,27,320,310,54,67,-9999,-9999,-9999,-9999,-9999,-9999,-9999,-9999,-9999,-9999
GHCND:USW00024233,SEATTLE TACOMA INTERNATIONAL AIRPORT WA US,20140513,0,0,0,267,128,38,350,350,67,81,-9999,-9999,-9999,-9999,-9999,-9999,-9999,-9999,-9999,-9999
GHCND:USW00024233,SEATTLE TACOMA INTERNATIONAL AIRPORT WA US,20140514,0,0,0,278,133,33,350,30,67,116,-9999,-9999,-9999,-9999,-9999,-9999,-9999,-9999,-9999,-9999
GHCND:USW00024233,SEATTLE TACOMA INTERNATIONAL AIRPORT WA US,20140515,0,0,0,267,128,30,240,240,89,107,-9999,-9999,-9999,-9999,-9999,-9999,-9999,-9999,-9999,-9999
GHCND:USW00024233,SEATTLE TACOMA INTERNATIONAL AIRPORT WA US,20140516,0,0,0,200,117,41,220,200,72,98,-9999,-9999,-9999,-9999,-9999,-9999,-9999,-9999,-9999,-9999
GHCND:USW00024233,SEATTLE TACOMA INTERNATIONAL AIRPORT WA US,20140517,0,0,0,200,117,32,190,260,63,89,-9999,-9999,-9999,-9999,-9999,-9999,-9999,-9999,-9999,-9999
GHCND:USW00024233,SEATTLE TACOMA INTERNATIONAL AIRPORT WA US,20140518,0,0,0,200,106,32,210,210,112,148,-9999,-9999,-9999,-9999,-9999,-9999,-9999,-9999,-9999,-9999
GHCND:USW00024233,SEATTLE TACOMA INTERNATIONAL AIRPORT WA US,20140519,0,0,0,211,100,22,340,350,63,72,-9999,-9999,-9999,-9999,-9999,-9999,-9999,-9999,-9999,-9999
GHCND:USW00024233,SEATTLE TACOMA INTERNATIONAL AIRPORT WA US,20140520,0,0,0,222,100,27,300,280,58,67,-9999,-9999,-9999,-9999,-9999,-9999,-9999,-9999,-9999,-9999
GHCND:USW00024233,SEATTLE TACOMA INTERNATIONAL AIRPORT WA US,20140521,0,0,0,200,106,17,250,250,40,54,-9999,-9999,-9999,-9999,-9999,-9999,-9999,-9999,-9999,-9999
GHCND:USW00024233,SEATTLE TACOMA INTERNATIONAL AIRPORT WA US,20140522,0,0,0,244,117,25,300,300,67,81,-9999,-9999,-9999,-9999,-9999,-9999,-9999,-9999,-9999,-9999
GHCND:USW00024233,SEATTLE TACOMA INTERNATIONAL AIRPORT WA US,20140523,38,0,0,200,128,40,220,110,81,130,-9999,1,-9999,-9999,-9999,-9999,-9999,-9999,-9999,-9999
GHCND:USW00024233,SEATTLE TACOMA INTERNATIONAL AIRPORT WA US,20140524,0,0,0,183,111,24,230,220,54,67,-9999,-9999,-9999,-9999,-9999,-9999,-9999,-9999,-9999,-9999
GHCND:USW00024233,SEATTLE TACOMA INTERNATIONAL AIRPORT WA US,20140525,56,0,0,150,106,14,230,320,45,107,-9999,1,-9999,-9999,-9999,-9999,-9999,-9999,-9999,-9999
GHCND:USW00024233,SEATTLE TACOMA INTERNATIONAL AIRPORT WA US,20140526,0,0,0,183,111,45,210,210,94,112,-9999,-9999,-9999,-9999,-9999,-9999,-9999,-9999,-9999,-9999
GHCND:USW00024233,SEATTLE TACOMA INTERNATIONAL AIRPORT WA US,20140527,0,0,0,200,100,25,280,280,58,81,-9999,-9999,-9999,-9999,-9999,-9999,-9999,-9999,-9999,-9999
GHCND:USW00024233,SEATTLE TACOMA INTERNATIONAL AIRPORT WA US,20140528,0,0,0,189,100,34,210,200,76,98,-9999,-9999,-9999,-9999,-9999,-9999,-9999,-9999,-9999,-9999
GHCND:USW00024233,SEATTLE TACOMA INTERNATIONAL AIRPORT WA US,20140529,0,0,0,189,111,43,180,170,81,107,-9999,-9999,-9999,-9999,-9999,-9999,-9999,-9999,-9999,-9999
GHCND:USW00024233,SEATTLE TACOMA INTERNATIONAL AIRPORT WA US,20140530,0,0,0,206,89,45,340,350,89,103,-9999,-9999,-9999,-9999,-9999,-9999,-9999,-9999,-9999,-9999
GHCND:USW00024233,SEATTLE TACOMA INTERNATIONAL AIRPORT WA US,20140531,0,0,0,233,100,22,200,210,54,72,-9999,-9999,-9999,-9999,-9999,-9999,-9999,-9999,-9999,-9999
GHCND:USW00024233,SEATTLE TACOMA INTERNATIONAL AIRPORT WA US,20140601,0,0,0,222,106,-9999,-9999,-9999,-9999,-9999,-9999,-9999,-9999,-9999,-9999,-9999,-9999,-9999,-9999,-9999
